current	1. FC Köln	2026/27	Away	169.00	219.00			1. FC Köln 2026/27 Away Shirt	1-fc-k-ln-2026-27-away-shirt	093928062a	0	26-27 Koln Away Cheap Soccer Jerseys Yupoo
previous	1. FC Union Berlin	2025/26	Home	129.00	169.00	169.00	219.00	1. FC Union Berlin 2025/26 Home Shirt	1-fc-union-berlin-2025-26-home-shirt	eec7e57c	2	25-26 Berlin Home Cheap Soccer Jerseys Yupoo
current	1. FC Union Berlin	2026/27	Home	169.00	219.00			1. FC Union Berlin 2026/27 Home Shirt	1-fc-union-berlin-2026-27-home-shirt	c6804f8f00	0	26-27 Berlin Home Cheap Soccer Jerseys Yupoo
previous	AC Milan	2025/26	Away	129.00	169.00	169.00	219.00	AC Milan 2025/26 Away Shirt	ac-milan-2025-26-away-shirt	fd2490fd	6	25-26 AC Milan Away Player Version Cheap Soccer Jerseys Yupoo
previous	AC Milan	2025/26	Home	129.00	169.00	169.00	219.00	AC Milan 2025/26 Home Shirt	ac-milan-2025-26-home-shirt	256e382f	10	25/26 AC Milan Home S-4XL
previous	AC Milan	2025/26	Third	129.00	169.00	169.00	219.00	AC Milan 2025/26 Third Shirt	ac-milan-2025-26-third-shirt	d675caa9	2	25-26 AC Milan Third Cheap Soccer Jerseys Yupoo
current	AC Milan	2026	Third	169.00	219.00			AC Milan 2026 Third Shirt	ac-milan-2026-third-shirt	93670dba	4	2026 AC Milan Third Player Version Cheap Soccer Jerseys Yupoo
current	AC Milan	2026/27	Home	169.00	219.00			AC Milan 2026/27 Home Shirt	ac-milan-2026-27-home-shirt	1d580643f1	0	26-27 AC Milan Home Player Version Cheap Soccer Jerseys Yupoo
current	AC Milan	2026/27	Third	169.00	219.00			AC Milan 2026/27 Third Shirt	ac-milan-2026-27-third-shirt	71df6ac958	0	26-27 AC Milan Third Cheap Soccer Jerseys Yupoo
current	Alavés	2026/27	Third	169.00	219.00			Alavés 2026/27 Third Shirt	alav-s-2026-27-third-shirt	5c8be97f1f	0	26-27 Alaves Third Cheap Soccer Jerseys Yupoo
national	Albania	2026	Third	169.00	219.00			Albania 2026 Third Shirt	albania-2026-third-shirt	0f23e590	3	2026 Republic of Albania Third Cheap Soccer Jerseys Yupoo
national	Algeria	2025/26	Home	169.00	219.00			Algeria 2025/26 Home Shirt	algeria-2025-26-home-shirt	fb4a2a14	4	25-26 Algeria Player Version Cheap Soccer Jerseys Yupoo
national	Algeria	2026	Away	169.00	219.00			Algeria 2026 Away Shirt	algeria-2026-away-shirt	5c72f730	8	Mens Algeria 2026 World Cup Away Jersey
national	Algeria	2026	Home	169.00	219.00			Algeria 2026 Home Shirt	algeria-2026-home-shirt	136591e7	9	Mens Algeria 2026 World Cup Home Jersey
national	Algeria	2026/27	Home	169.00	219.00			Algeria 2026/27 Home Shirt	algeria-2026-27-home-shirt	d66c26a4	2	26-27 Algeria Cheap Soccer Jerseys Yupoo
national	Argentina	2025/26	Home	169.00	219.00			Argentina 2025/26 Home Shirt	argentina-2025-26-home-shirt	bb68fb8f	2	25-26 Argentina Cheap Soccer Jerseys Yupoo
national	Argentina	2026	Away	169.00	219.00			Argentina 2026 Away Shirt	argentina-2026-away-shirt	71dd2d1c	13	Mens Argentina 2026 World Cup Away Jersey Player Version
national	Argentina	2026	Home	169.00	219.00			Argentina 2026 Home Shirt	argentina-2026-home-shirt	05cb91ef	10	Mens Argentina 2026 World Cup Home Jersey Player Version
national	Argentina	2026/27	Away	169.00	219.00			Argentina 2026/27 Away Shirt	argentina-2026-27-away-shirt	92c7e861	2	26-27 Argentina Away Cheap Soccer Jerseys Yupoo
national	Argentina	2026/27	Home	169.00	219.00			Argentina 2026/27 Home Shirt	argentina-2026-27-home-shirt	ce212d9c	2	26-27 Argentina Cheap Soccer Jerseys Yupoo
national	Armenia	2025/26	Third	169.00	219.00			Armenia 2025/26 Third Shirt	armenia-2025-26-third-shirt	82f47543	2	25-26 Armenia Third Cheap Soccer Jerseys Yupoo
previous	Arsenal	2025/26	Away	129.00	169.00	169.00	219.00	Arsenal 2025/26 Away Shirt	arsenal-2025-26-away-shirt	1f1fcc42	6	Player Version 25/26 Arsenal Away Blue Jersey
previous	Arsenal	2025/26	Home	129.00	169.00	169.00	219.00	Arsenal 2025/26 Home Shirt	arsenal-2025-26-home-shirt	1bc92125	7	Arsenal 2025/26 Terrace Icons Jersey Player Version
previous	Arsenal	2025/26	Third	129.00	169.00	169.00	219.00	Arsenal 2025/26 Third Shirt	arsenal-2025-26-third-shirt	c0c3042e	8	25-26 Arsenal Third Player Version Cheap Soccer Jerseys Yupoo
current	Arsenal	2026/27	Home	169.00	219.00			Arsenal 2026/27 Home Shirt	arsenal-2026-27-home-shirt	f557c60a99	0	26-27 Arsenal Player Version Cheap Soccer Jerseys Yupoo
previous	Aston Villa	2025/26	Third	129.00	169.00	169.00	219.00	Aston Villa 2025/26 Third Shirt	aston-villa-2025-26-third-shirt	11b87a30	2	25-26 Aston Villa Third Cheap Soccer Jerseys Yupoo
previous	Atalanta	2025/26	Home	129.00	169.00	169.00	219.00	Atalanta 2025/26 Home Shirt	atalanta-2025-26-home-shirt	4a7284b1	2	25-26 Atalanta Home Cheap Soccer Jerseys Yupoo
current	Atalanta	2026/27	Home	169.00	219.00			Atalanta 2026/27 Home Shirt	atalanta-2026-27-home-shirt	575e098e9e	0	26-27 Atalanta Home Cheap Soccer Jerseys Yupoo
current	Athletic Bilbao	2026/27	Third	169.00	219.00			Athletic Bilbao 2026/27 Third Shirt	athletic-bilbao-2026-27-third-shirt	498b7d859a	0	26-27 Athletic Bilbao Third Cheap Soccer Jerseys Yupoo
previous	Atlético Madrid	2025/26	Home	129.00	169.00	169.00	219.00	Atlético Madrid 2025/26 Home Shirt	atl-tico-madrid-2025-26-home-shirt	542b1508	8	25-26 Atletico Madrid Home Cheap Soccer Jerseys Yupoo
current	Atlético Madrid	2026/27	Away	169.00	219.00			Atlético Madrid 2026/27 Away Shirt	atl-tico-madrid-2026-27-away-shirt	8a9735c5ba	0	26-27 Atletico Madrid Away Player Version Cheap Soccer Jerseys Yupoo
current	Atlético Madrid	2026/27	Home	169.00	219.00			Atlético Madrid 2026/27 Home Shirt	atl-tico-madrid-2026-27-home-shirt	671a255883	5	26-27 Atletico Madrid Home Player Version Cheap Soccer Jerseys Yupoo
national	Australia	2025/26	Home	169.00	219.00			Australia 2025/26 Home Shirt	australia-2025-26-home-shirt	7b0c7ca0	2	25-26 Australia Home Cheap Soccer Jerseys Yupoo
national	Australia	2026	Home	169.00	219.00			Australia 2026 Home Shirt	australia-2026-home-shirt	baf5d0f7	7	Mens Australia 2026 World Cup Home Jersey
national	Australia	2026/27	Away	169.00	219.00			Australia 2026/27 Away Shirt	australia-2026-27-away-shirt	e45d10d6	2	26-27 Australia Away Cheap Soccer Jerseys Yupoo
national	Australia	2026/27	Home	169.00	219.00			Australia 2026/27 Home Shirt	australia-2026-27-home-shirt	4bc219e2	2	26-27 Australia Home Cheap Soccer Jerseys Yupoo
national	Austria	2026/27	Away	169.00	219.00			Austria 2026/27 Away Shirt	austria-2026-27-away-shirt	91059b53f8	0	26-27 Austria Away Cheap Soccer Jerseys Yupoo
previous	Barcelona	2025/26	Away	129.00	169.00	169.00	219.00	Barcelona 2025/26 Away Shirt	barcelona-2025-26-away-shirt	db12dfe6	5	25-26 Barc Away Cheap Soccer Jerseys Yupoo
previous	Barcelona	2025/26	Home	129.00	169.00	169.00	219.00	Barcelona 2025/26 Home Shirt	barcelona-2025-26-home-shirt	6bd115b0	5	25-26 Barc Player Version Cheap Soccer Jerseys Yupoo
current	Barcelona	2026/27	Away	169.00	219.00			Barcelona 2026/27 Away Shirt	barcelona-2026-27-away-shirt	b9f2998223	2	26-27 Barc Away Cheap Soccer Jerseys Yupoo
current	Barcelona	2026/27	Home	169.00	219.00			Barcelona 2026/27 Home Shirt	barcelona-2026-27-home-shirt	dc18b40b5e	0	26-27 Barc Player Version Cheap Soccer Jerseys Yupoo
previous	Bayern Munich	2025/26	Away	129.00	169.00	169.00	219.00	Bayern Munich 2025/26 Away Shirt	bayern-munich-2025-26-away-shirt	3ed9bbca	5	Player Version 25/26 Bayern Munich Away Jersey
previous	Bayern Munich	2025/26	Home	129.00	169.00	169.00	219.00	Bayern Munich 2025/26 Home Shirt	bayern-munich-2025-26-home-shirt	8d73b378	7	Bayern Munich 2025/26 Terrace Icons Jersey Player Version
current	Bayern Munich	2026/27	Away	169.00	219.00			Bayern Munich 2026/27 Away Shirt	bayern-munich-2026-27-away-shirt	2d0e2216bd	0	26-27 Bayern Away Player Version Cheap Soccer Jerseys Yupoo
national	Belgium	2026	Away	169.00	219.00			Belgium 2026 Away Shirt	belgium-2026-away-shirt	0faab503	8	Mens Belgium 2026 World Cup Away Jersey
national	Belgium	2026	Home	169.00	219.00			Belgium 2026 Home Shirt	belgium-2026-home-shirt	8c6bcacb	9	Mens Belgium 2026 World Cup Home Jersey Player Version
national	Belgium	2026/27	Away	169.00	219.00			Belgium 2026/27 Away Shirt	belgium-2026-27-away-shirt	b2865fa98d	4	26-27 Belgium Away Player Version Cheap Soccer Jerseys Yupoo
national	Bolivia	2025/26	Away	169.00	219.00			Bolivia 2025/26 Away Shirt	bolivia-2025-26-away-shirt	4b6efd90	2	25-26 Bolivia Away Cheap Soccer Jerseys Yupoo
national	Bolivia	2025/26	Home	169.00	219.00			Bolivia 2025/26 Home Shirt	bolivia-2025-26-home-shirt	cc26deb4	2	25-26 Bolivia Home Cheap Soccer Jerseys Yupoo
previous	Borussia Dortmund	2025/26	Home	129.00	169.00	169.00	219.00	Borussia Dortmund 2025/26 Home Shirt	borussia-dortmund-2025-26-home-shirt	45cabe56	2	25-26 Dortmund Cheap Soccer Jerseys Yupoo
current	Borussia Dortmund	2026/27	Away	169.00	219.00			Borussia Dortmund 2026/27 Away Shirt	borussia-dortmund-2026-27-away-shirt	f1aa747347	0	26-27 Dortmund Away Cheap Soccer Jerseys Yupoo
previous	Borussia Mönchengladbach	2025/26	Home	129.00	169.00	169.00	219.00	Borussia Mönchengladbach 2025/26 Home Shirt	borussia-m-nchengladbach-2025-26-home-shirt	2e06dc22	2	25-26 Monchengladbach Cheap Soccer Jerseys Yupoo
national	Bosnia and Herzegovina	2026/27	Away	169.00	219.00			Bosnia and Herzegovina 2026/27 Away Shirt	bosnia-and-herzegovina-2026-27-away-shirt	8349319eec	2	26-27 Bosnia and Herzegovina Away Cheap Soccer Jerseys Yupoo
national	Bosnia and Herzegovina	2026/27	Home	169.00	219.00			Bosnia and Herzegovina 2026/27 Home Shirt	bosnia-and-herzegovina-2026-27-home-shirt	e7bf8c9968	2	26-27 Bosnia and Herzegovina Home Cheap Soccer Jerseys Yupoo
national	Brazil	2025/26	Away	169.00	219.00			Brazil 2025/26 Away Shirt	brazil-2025-26-away-shirt	451580ce	10	Brazil 2025/26 Away Jersey Player Version
national	Brazil	2025/26	Home	169.00	219.00			Brazil 2025/26 Home Shirt	brazil-2025-26-home-shirt	28c50b69	10	Brazil 2025/26 Home Jersey Player Version
national	Brazil	2026	Away	169.00	219.00			Brazil 2026 Away Shirt	brazil-2026-away-shirt	452e231b	10	Mens Brazil 2026 World Cup Away Jersey Player Version
national	Brazil	2026	Home	169.00	219.00			Brazil 2026 Home Shirt	brazil-2026-home-shirt	71566748	11	Mens Brazil 2026 World Cup Home Jersey
national	Brazil	2026/27	Away	169.00	219.00			Brazil 2026/27 Away Shirt	brazil-2026-27-away-shirt	80288a11	2	26-27 Brazil Away Cheap Soccer Jerseys Yupoo
national	Brazil	2026/27	Home	169.00	219.00			Brazil 2026/27 Home Shirt	brazil-2026-27-home-shirt	3255369f02	4	26-27 Brazil Player Version Cheap Soccer Jerseys Yupoo
current	Brentford	2026/27	Home	169.00	219.00			Brentford 2026/27 Home Shirt	brentford-2026-27-home-shirt	852e099101	0	26-27 Brentford Home Cheap Soccer Jerseys Yupoo
current	Brighton Hove Albion	2026/27	Away	169.00	219.00			Brighton Hove Albion 2026/27 Away Shirt	brighton-hove-albion-2026-27-away-shirt	33a18c564d	0	26-27 Brighton Away Cheap Soccer Jerseys Yupoo
current	Burnley	2026/27	Home	169.00	219.00			Burnley 2026/27 Home Shirt	burnley-2026-27-home-shirt	1387453cee	0	26-27 Burnley Home Cheap Soccer Jerseys Yupoo
current	Cagliari	2026/27	Away	169.00	219.00			Cagliari 2026/27 Away Shirt	cagliari-2026-27-away-shirt	a2f4338bee	0	26-27 Cagliari Away Cheap Soccer Jerseys Yupoo
national	Cameroon	2025/26	Away	169.00	219.00			Cameroon 2025/26 Away Shirt	cameroon-2025-26-away-shirt	406e531f	2	25-26 Cameroon Away Player Version Cheap Soccer Jerseys Yupoo
national	Cameroon	2025/26	Home	169.00	219.00			Cameroon 2025/26 Home Shirt	cameroon-2025-26-home-shirt	fc901112	2	25-26 Cameroon Home Player Version Cheap Soccer Jerseys Yupoo
national	Cameroon	2025/26	Third	169.00	219.00			Cameroon 2025/26 Third Shirt	cameroon-2025-26-third-shirt	7a709b00	2	25-26 Cameroon Third Player Version Cheap Soccer Jerseys Yupoo
national	Canada	2026	Home	169.00	219.00			Canada 2026 Home Shirt	canada-2026-home-shirt	564b7461	12	Mens Canada 2026 World Cup Home Jersey Player Version
national	Canada	2026/27	Away	169.00	219.00			Canada 2026/27 Away Shirt	canada-2026-27-away-shirt	ef6d332692	2	26-27 Canada Away Cheap Soccer Jerseys Yupoo
previous	Celta Vigo	2025/26	Home	129.00	169.00	169.00	219.00	Celta Vigo 2025/26 Home Shirt	celta-vigo-2025-26-home-shirt	94b65cef	2	25-26 Celta Cheap Soccer Jerseys Yupoo
current	Celta Vigo	2026/27	Away	169.00	219.00			Celta Vigo 2026/27 Away Shirt	celta-vigo-2026-27-away-shirt	e06bde1e57	0	26-27 Celta Away Cheap Soccer Jerseys Yupoo
current	Celta Vigo	2026/27	Home	169.00	219.00			Celta Vigo 2026/27 Home Shirt	celta-vigo-2026-27-home-shirt	95ee3a0f59	2	26-27 Celta Home Cheap Soccer Jerseys Yupoo
current	Celta Vigo	2026/27	Third	169.00	219.00			Celta Vigo 2026/27 Third Shirt	celta-vigo-2026-27-third-shirt	5688f65982	0	26-27 Celta Third Cheap Soccer Jerseys Yupoo
previous	Chelsea	2025/26	Away	129.00	169.00	169.00	219.00	Chelsea 2025/26 Away Shirt	chelsea-2025-26-away-shirt	279c622b	5	25-26 Chelsea Away Player Version Cheap Soccer Jerseys Yupoo
previous	Chelsea	2025/26	Home	129.00	169.00	169.00	219.00	Chelsea 2025/26 Home Shirt	chelsea-2025-26-home-shirt	5213aeb8	8	25/26 Chelsea Home S-4XL
current	Chelsea	2026/27	Home	169.00	219.00			Chelsea 2026/27 Home Shirt	chelsea-2026-27-home-shirt	0fd869856f	0	26-27 Chelsea Home Cheap Soccer Jerseys Yupoo
current	Chelsea	2026/27	Third	169.00	219.00			Chelsea 2026/27 Third Shirt	chelsea-2026-27-third-shirt	aa1b112974	0	26-27 Chelsea Third Cheap Soccer Jerseys Yupoo
national	Chile	2025/26	Home	169.00	219.00			Chile 2025/26 Home Shirt	chile-2025-26-home-shirt	4d2e7faf	8	Chile 2025_26 Home Jersey
national	Chile	2026/27	Away	169.00	219.00			Chile 2026/27 Away Shirt	chile-2026-27-away-shirt	f51fdce7	2	26-27 Chile Away Cheap Soccer Jerseys Yupoo
national	Colombia	2025/26	Home	169.00	219.00			Colombia 2025/26 Home Shirt	colombia-2025-26-home-shirt	d3bccedc	9	Mens Colombia 2025_26 Home Jersey
national	Colombia	2026	Away	169.00	219.00			Colombia 2026 Away Shirt	colombia-2026-away-shirt	f550c4d5	7	Mens Colombia 2026 World Cup Away Jersey
national	Colombia	2026	Home	169.00	219.00			Colombia 2026 Home Shirt	colombia-2026-home-shirt	baa030e1	10	Mens Colombia 2026 World Cup Home Jersey Player Version
national	Colombia	2026/27	Away	169.00	219.00			Colombia 2026/27 Away Shirt	colombia-2026-27-away-shirt	d3f4fd51	2	26-27 Colombia Away Cheap Soccer Jerseys Yupoo
current	Como	2026/27	Home	169.00	219.00			Como 2026/27 Home Shirt	como-2026-27-home-shirt	733a31ecc1	0	26-27 Como Home Cheap Soccer Jerseys Yupoo
national	Congo	2026/27	Home	169.00	219.00			Congo 2026/27 Home Shirt	congo-2026-27-home-shirt	2b03a7eaaa	4	26-27 Congo Player Version Cheap Soccer Jerseys Yupoo
national	Croatia	2026	Away	169.00	219.00			Croatia 2026 Away Shirt	croatia-2026-away-shirt	6509f450	8	Mens Croatia 2026 World Cup Away Jersey
national	Croatia	2026	Home	169.00	219.00			Croatia 2026 Home Shirt	croatia-2026-home-shirt	1b1b3c33	8	Mens Croatia 2026 World Cup Home Jersey
national	Croatia	2026/27	Away	169.00	219.00			Croatia 2026/27 Away Shirt	croatia-2026-27-away-shirt	9a3cb970ae	0	26-27 Croatia Away Player Version Cheap Soccer Jerseys Yupoo
national	Croatia	2026/27	Home	169.00	219.00			Croatia 2026/27 Home Shirt	croatia-2026-27-home-shirt	b4180fca7f	4	26-27 Croatia Home Player Version Cheap Soccer Jerseys Yupoo
national	Curacao	2026	Away	169.00	219.00			Curacao 2026 Away Shirt	curacao-2026-away-shirt	48e72c85f4	10	2026 Curacao Away Player Version Cheap Soccer Jerseys Yupoo
national	Curacao	2026/27	Home	169.00	219.00			Curacao 2026/27 Home Shirt	curacao-2026-27-home-shirt	7360bc748f	0	26-27 Curacao Home Cheap Soccer Jerseys Yupoo
national	Czech Republic	2026	Home	169.00	219.00			Czech Republic 2026 Home Shirt	czech-republic-2026-home-shirt	7267a24b	9	Mens Czech Republic 2026 World Cup Home Jersey
national	Ecuador	2025/26	Away	169.00	219.00			Ecuador 2025/26 Away Shirt	ecuador-2025-26-away-shirt	c247e536	2	25-26 Ecuador Away Cheap Soccer Jerseys Yupoo
national	Ecuador	2025/26	Home	169.00	219.00			Ecuador 2025/26 Home Shirt	ecuador-2025-26-home-shirt	d1fda624	2	25-26 Ecuador Home Cheap Soccer Jerseys Yupoo
national	Ecuador	2026	Away	169.00	219.00			Ecuador 2026 Away Shirt	ecuador-2026-away-shirt	e3ad8845	10	Mens Ecuador 2026 World Cup Away Jersey
national	Ecuador	2026	Home	169.00	219.00			Ecuador 2026 Home Shirt	ecuador-2026-home-shirt	3dd452bc	10	Mens Ecuador 2026 World Cup Home Jersey
national	Ecuador	2026	Third	169.00	219.00			Ecuador 2026 Third Shirt	ecuador-2026-third-shirt	01c0476e	9	Mens Ecuador 2026 World Cup Third Jersey
national	Egypt	2025/26	Home	169.00	219.00			Egypt 2025/26 Home Shirt	egypt-2025-26-home-shirt	d6cdb4b9	2	25-26 Egypt Home Cheap Soccer Jerseys Yupoo
national	Egypt	2026	Away	169.00	219.00			Egypt 2026 Away Shirt	egypt-2026-away-shirt	6cb32e41	0	Mens Egypt 2026 World Cup Away Jersey
national	Egypt	2026/27	Home	169.00	219.00			Egypt 2026/27 Home Shirt	egypt-2026-27-home-shirt	495fef776c	2	26-27 Egypt Home Cheap Soccer Jerseys Yupoo
previous	Eintracht Frankfurt	2025/26	Home	129.00	169.00	169.00	219.00	Eintracht Frankfurt 2025/26 Home Shirt	eintracht-frankfurt-2025-26-home-shirt	312cde27	2	25-26 Frankfurt Home Cheap Soccer Jerseys Yupoo
current	Eintracht Frankfurt	2026/27	Away	169.00	219.00			Eintracht Frankfurt 2026/27 Away Shirt	eintracht-frankfurt-2026-27-away-shirt	f5d0774e0d	0	26-27 Frankfurt Away Cheap Soccer Jerseys Yupoo
national	El Salvador	2025/26	Away	169.00	219.00			El Salvador 2025/26 Away Shirt	el-salvador-2025-26-away-shirt	faa6b05c	2	25-26 Salvador Away Cheap Soccer Jerseys Yupoo
national	El Salvador	2025/26	Home	169.00	219.00			El Salvador 2025/26 Home Shirt	el-salvador-2025-26-home-shirt	0f9f3bb7	2	25-26 Salvador Home Cheap Soccer Jerseys Yupoo
national	England	2025/26	Away	169.00	219.00			England 2025/26 Away Shirt	england-2025-26-away-shirt	3e0267e1	2	25-26 England Away Cheap Soccer Jerseys Yupoo
national	England	2025/26	Home	169.00	219.00			England 2025/26 Home Shirt	england-2025-26-home-shirt	086947ca	2	25-26 England Home Player Version Cheap Soccer Jerseys Yupoo
national	England	2026	Home	169.00	219.00			England 2026 Home Shirt	england-2026-home-shirt	a02fb2f6	11	Mens England 2026 World Cup Home Jersey
national	England	2026/27	Away	169.00	219.00			England 2026/27 Away Shirt	england-2026-27-away-shirt	c525e4092e	2	26-27 England Away Cheap Soccer Jerseys Yupoo
national	England	2026/27	Home	169.00	219.00			England 2026/27 Home Shirt	england-2026-27-home-shirt	46fa6dfe	3	26-27 England Cheap Soccer Jerseys Yupoo
current	Espanyol	2026/27	Home	169.00	219.00			Espanyol 2026/27 Home Shirt	espanyol-2026-27-home-shirt	f3746d51c3	0	26-27 Espanyol Home Cheap Soccer Jerseys Yupoo
current	Everton	2026/27	Away	169.00	219.00			Everton 2026/27 Away Shirt	everton-2026-27-away-shirt	9f0c9c6d9a	0	26-27 Everton Away Cheap Soccer Jerseys Yupoo
current	Everton	2026/27	Home	169.00	219.00			Everton 2026/27 Home Shirt	everton-2026-27-home-shirt	838b11352b	2	26-27 Everton Home Cheap Soccer Jerseys Yupoo
current	FC St. Pauli	2026/27	Away	169.00	219.00			FC St. Pauli 2026/27 Away Shirt	fc-st-pauli-2026-27-away-shirt	5ba73dee0f	0	26-27 St.Pauli Away Cheap Soccer Jerseys Yupoo
current	FC St. Pauli	2026/27	Home	169.00	219.00			FC St. Pauli 2026/27 Home Shirt	fc-st-pauli-2026-27-home-shirt	8b972da0e3	0	26-27 St.Pauli Home Cheap Soccer Jerseys Yupoo
national	Finland	2026/27	Away	169.00	219.00			Finland 2026/27 Away Shirt	finland-2026-27-away-shirt	cf0eb770d4	2	26-27 Finland Away Cheap Soccer Jerseys Yupoo
national	Finland	2026/27	Home	169.00	219.00			Finland 2026/27 Home Shirt	finland-2026-27-home-shirt	7d88f2a45f	0	26-27 Finland Home Cheap Soccer Jerseys Yupoo
current	Fiorentina	2026/27	Home	169.00	219.00			Fiorentina 2026/27 Home Shirt	fiorentina-2026-27-home-shirt	d51320cbc9	2	26-27 Fiorentina Home Cheap Soccer Jerseys Yupoo
national	France	2025/26	Away	169.00	219.00			France 2025/26 Away Shirt	france-2025-26-away-shirt	cf0a8c91	0	France 2025_26 Away Jersey
national	France	2026	Away	169.00	219.00			France 2026 Away Shirt	france-2026-away-shirt	befe6d84	10	Mens France 2026 World Cup Away Jersey
national	France	2026	Home	169.00	219.00			France 2026 Home Shirt	france-2026-home-shirt	96ff9dd2	9	Mens France 2026 World Cup Home Jersey
national	France	2026/27	Away	169.00	219.00			France 2026/27 Away Shirt	france-2026-27-away-shirt	5fe4e1b4	4	26-27 France Away Player Version Cheap Soccer Jerseys Yupoo
national	France	2026/27	Home	169.00	219.00			France 2026/27 Home Shirt	france-2026-27-home-shirt	98893ca578	4	26-27 France Home Player Version Cheap Soccer Jerseys Yupoo
current	Fulham	2026/27	Home	169.00	219.00			Fulham 2026/27 Home Shirt	fulham-2026-27-home-shirt	c0063113dc	0	26-27 Fulham Home Cheap Soccer Jerseys Yupoo
national	Germany	2025/26	Home	169.00	219.00			Germany 2025/26 Home Shirt	germany-2025-26-home-shirt	9a7b279f	0	Germany 2025_26 Home Jersey
national	Germany	2026	Away	169.00	219.00			Germany 2026 Away Shirt	germany-2026-away-shirt	b21fac63	7	Womens Germany 2026 World Cup Away Jersey
national	Germany	2026	Home	169.00	219.00			Germany 2026 Home Shirt	germany-2026-home-shirt	f218c412	9	Mens Germany 2026 World Cup Home Jersey Player Version
national	Germany	2026/27	Away	169.00	219.00			Germany 2026/27 Away Shirt	germany-2026-27-away-shirt	041f7e6d	8	Mens Germany 2026_27 Away Jersey
national	Germany	2026/27	Home	169.00	219.00			Germany 2026/27 Home Shirt	germany-2026-27-home-shirt	5421ed1830	4	26-27 Germany Cheap Soccer Jerseys Yupoo
national	Germany	2026/27	Third	169.00	219.00			Germany 2026/27 Third Shirt	germany-2026-27-third-shirt	7c4476016b	0	26-27 Germany Third Cheap Soccer Jerseys Yupoo
current	Getafe	2026/27	Away	169.00	219.00			Getafe 2026/27 Away Shirt	getafe-2026-27-away-shirt	54d259426a	0	26-27 Getafe Away Cheap Soccer Jerseys Yupoo
national	Ghana	2025/26	Away	169.00	219.00			Ghana 2025/26 Away Shirt	ghana-2025-26-away-shirt	f7b79ce6	2	25-26 Ghana Away Player Version Cheap Soccer Jerseys Yupoo
national	Ghana	2025/26	Home	169.00	219.00			Ghana 2025/26 Home Shirt	ghana-2025-26-home-shirt	1364414b	4	25-26 Ghana Home Player Version Cheap Soccer Jerseys Yupoo
national	Ghana	2026	Away	169.00	219.00			Ghana 2026 Away Shirt	ghana-2026-away-shirt	0e3869ab	6	2026 Ghana Away Player Version Cheap Soccer Jerseys Yupoo
national	Ghana	2026	Home	169.00	219.00			Ghana 2026 Home Shirt	ghana-2026-home-shirt	345028fc	8	Mens Ghana 2026 World Cup Home Jersey
national	Guatemala	2025/26	Away	169.00	219.00			Guatemala 2025/26 Away Shirt	guatemala-2025-26-away-shirt	434f1fdb	2	25-26 Guatemala Away Cheap Soccer Jerseys Yupoo
national	Guatemala	2026/27	Home	169.00	219.00			Guatemala 2026/27 Home Shirt	guatemala-2026-27-home-shirt	3d6f696d	2	26-27 Guatemala Home Cheap Soccer Jerseys Yupoo
national	Haiti	2026	Away	169.00	219.00			Haiti 2026 Away Shirt	haiti-2026-away-shirt	b01e1c13	0	Mens Haiti 2026 World Cup Away Jersey
national	Haiti	2026	Home	169.00	219.00			Haiti 2026 Home Shirt	haiti-2026-home-shirt	46612fa3	0	Mens Haiti 2026 World Cup Home Jersey
national	Haiti	2026	Third	169.00	219.00			Haiti 2026 Third Shirt	haiti-2026-third-shirt	571b8dd9	0	Mens Haiti 2026 World Cup Third Jersey
national	Haiti	2026/27	Away	169.00	219.00			Haiti 2026/27 Away Shirt	haiti-2026-27-away-shirt	63149c81	0	26-27 Haiti Away Cheap Soccer Jerseys Yupoo
national	Haiti	2026/27	Home	169.00	219.00			Haiti 2026/27 Home Shirt	haiti-2026-27-home-shirt	ffb9e2b1	2	26-27 Haiti Home Cheap Soccer Jerseys Yupoo
previous	Hamburger SV	2025/26	Away	129.00	169.00	169.00	219.00	Hamburger SV 2025/26 Away Shirt	hamburger-sv-2025-26-away-shirt	9243f857	2	25-26 Hamburger Away Cheap Soccer Jerseys Yupoo
previous	Hellas Verona	2025/26	Home	129.00	169.00	169.00	219.00	Hellas Verona 2025/26 Home Shirt	hellas-verona-2025-26-home-shirt	a5d27ee4	2	25-26 Verona 120th AnniversaryCheap Soccer Jerseys Yupoo
national	Honduras	2026/27	Away	169.00	219.00			Honduras 2026/27 Away Shirt	honduras-2026-27-away-shirt	6ba9d4e170	0	26-27 Honduras Away Cheap Soccer Jerseys Yupoo
national	Honduras	2026/27	Home	169.00	219.00			Honduras 2026/27 Home Shirt	honduras-2026-27-home-shirt	cd5f54e7ba	0	26-27 Honduras Home Cheap Soccer Jerseys Yupoo
national	Hungary	2025/26	Home	169.00	219.00			Hungary 2025/26 Home Shirt	hungary-2025-26-home-shirt	1327e707	0	Mens Hungary 2025_26 Home Jersey
previous	Inter Milan	2025/26	Away	129.00	169.00	169.00	219.00	Inter Milan 2025/26 Away Shirt	inter-milan-2025-26-away-shirt	bedbb7cb	7	Inter Milan 2025/26 Away Jersey Player Version
previous	Inter Milan	2025/26	Home	129.00	169.00	169.00	219.00	Inter Milan 2025/26 Home Shirt	inter-milan-2025-26-home-shirt	bd18b392	7	25-26 Inter Milan Home Soccer Jerseys Yupoo
current	Inter Milan	2026/27	Away	169.00	219.00			Inter Milan 2026/27 Away Shirt	inter-milan-2026-27-away-shirt	c741cceddc	2	26-27 Inter Milan Away Cheap Soccer Jerseys Yupoo
national	Italy	2025/26	Away	169.00	219.00			Italy 2025/26 Away Shirt	italy-2025-26-away-shirt	30194dd9	12	Mens Italy 2025_26 Away Jersey
national	Italy	2025/26	Home	169.00	219.00			Italy 2025/26 Home Shirt	italy-2025-26-home-shirt	d704a36c	9	Mens Italy 2025_26 Home Jersey
national	Italy	2026	Home	169.00	219.00			Italy 2026 Home Shirt	italy-2026-home-shirt	e1762c41	9	Mens Italy 2026 World Cup Home Jersey
national	Italy	2026/27	Away	169.00	219.00			Italy 2026/27 Away Shirt	italy-2026-27-away-shirt	b504fe67	2	26-27 Italy Away Cheap Soccer Jerseys Yupoo
national	Italy	2026/27	Home	169.00	219.00			Italy 2026/27 Home Shirt	italy-2026-27-home-shirt	4623849f	2	26-27 Italy Home Cheap Soccer Jerseys Yupoo
national	Jamaica	2026/27	Home	169.00	219.00			Jamaica 2026/27 Home Shirt	jamaica-2026-27-home-shirt	c049a76384	0	26-27 Jamaica Cheap Soccer Jerseys Yupoo
national	Japan	2025/26	Home	169.00	219.00			Japan 2025/26 Home Shirt	japan-2025-26-home-shirt	866a85f6	8	Mens Japan 2025_26 Home Jersey
national	Japan	2026	Away	169.00	219.00			Japan 2026 Away Shirt	japan-2026-away-shirt	269a954d	10	Mens Japan 2026 World Cup Away Jersey Player Version
national	Japan	2026	Home	169.00	219.00			Japan 2026 Home Shirt	japan-2026-home-shirt	34f719dc	0	Mens Japan 2026 World Cup Home Jersey Player Version
national	Japan	2026/27	Away	169.00	219.00			Japan 2026/27 Away Shirt	japan-2026-27-away-shirt	a2ebfd27	2	26-27 Japan Away Cheap Soccer Jerseys Yupoo
national	Japan	2026/27	Home	169.00	219.00			Japan 2026/27 Home Shirt	japan-2026-27-home-shirt	44850d4dac	2	26-27 Japan Cheap Soccer Jerseys Yupoo
national	Jordan	2026	Away	169.00	219.00			Jordan 2026 Away Shirt	jordan-2026-away-shirt	b412e614	0	Mens Jordan 2026 World Cup Away Jersey
national	Jordan	2026	Home	169.00	219.00			Jordan 2026 Home Shirt	jordan-2026-home-shirt	4e931a93	0	Mens Jordan 2026 World Cup Home Jersey
national	Jordan	2026	Third	169.00	219.00			Jordan 2026 Third Shirt	jordan-2026-third-shirt	3bc048c0	0	Mens Jordan 2026 World Cup Third Jersey
current	Leeds United	2026/27	Away	169.00	219.00			Leeds United 2026/27 Away Shirt	leeds-united-2026-27-away-shirt	307e247e67	0	26-27 Leeds United Away Player Version Cheap Soccer Jerseys Yupoo
current	Leeds United	2026/27	Home	169.00	219.00			Leeds United 2026/27 Home Shirt	leeds-united-2026-27-home-shirt	87d37a94d1	0	26-27 Leeds United Home Cheap Soccer Jerseys Yupoo
current	Lens	2026/27	Away	169.00	219.00			Lens 2026/27 Away Shirt	lens-2026-27-away-shirt	3fab0b8a20	0	26-27 Lens Away Cheap Soccer Jerseys Yupoo
current	Lens	2026/27	Home	169.00	219.00			Lens 2026/27 Home Shirt	lens-2026-27-home-shirt	54e2d25261	0	26-27 Lens Home Cheap Soccer Jerseys Yupoo
previous	Levante	2025/26	Home	129.00	169.00	169.00	219.00	Levante 2025/26 Home Shirt	levante-2025-26-home-shirt	a759838d	2	25-26 Levante Home Cheap Soccer Jerseys Yupoo
current	Levante	2026/27	Away	169.00	219.00			Levante 2026/27 Away Shirt	levante-2026-27-away-shirt	585e95966b	0	26-27 Levante Away Cheap Soccer Jerseys Yupoo
current	Levante	2026/27	Home	169.00	219.00			Levante 2026/27 Home Shirt	levante-2026-27-home-shirt	854aaff077	0	26-27 Levante Home Cheap Soccer Jerseys Yupoo
current	Lille	2026/27	Home	169.00	219.00			Lille 2026/27 Home Shirt	lille-2026-27-home-shirt	e0ecf81bbc	0	26-27 Lille Home Cheap Soccer Jerseys Yupoo
current	Lyon	2026/27	Home	169.00	219.00			Lyon 2026/27 Home Shirt	lyon-2026-27-home-shirt	29a3fcea8f	0	26-27 Lyon Home Player Version Cheap Soccer Jerseys Yupoo
current	Lyon	2026/27	Third	169.00	219.00			Lyon 2026/27 Third Shirt	lyon-2026-27-third-shirt	7e903e8682	0	26-27 Lyon Third Cheap Soccer Jerseys Yupoo
national	Malaysia	2025/26	Away	169.00	219.00			Malaysia 2025/26 Away Shirt	malaysia-2025-26-away-shirt	331da2ed	2	25-26 Malaysia Away Cheap Soccer Jerseys Yupoo
national	Malaysia	2025/26	Home	169.00	219.00			Malaysia 2025/26 Home Shirt	malaysia-2025-26-home-shirt	a773c5be	2	25-26 Malaysia Home Cheap Soccer Jerseys Yupoo
previous	Mallorca	2025/26	Home	129.00	169.00	169.00	219.00	Mallorca 2025/26 Home Shirt	mallorca-2025-26-home-shirt	2c8b7622	2	25-26 Mallorca 120th AnniversaryCheap Soccer Jerseys Yupoo
current	Mallorca	2026/27	Home	169.00	219.00			Mallorca 2026/27 Home Shirt	mallorca-2026-27-home-shirt	04c21ff874	0	26-27 Mallorca Home Cheap Soccer Jerseys Yupoo
previous	Manchester City	2025/26	Away	129.00	169.00	169.00	219.00	Manchester City 2025/26 Away Shirt	manchester-city-2025-26-away-shirt	dec5bf30	8	25/26 Manchester City Away S-4XL
previous	Manchester City	2025/26	Home	129.00	169.00	169.00	219.00	Manchester City 2025/26 Home Shirt	manchester-city-2025-26-home-shirt	836ba85b	6	25-26 Manchester City Home Player Version Cheap Soccer Jerseys Yupoo
previous	Manchester City	2025/26	Third	129.00	169.00	169.00	219.00	Manchester City 2025/26 Third Shirt	manchester-city-2025-26-third-shirt	1bf7ad39	2	25-26 Manchester City Third Cheap Soccer Jerseys Yupoo
current	Manchester City	2026/27	Away	169.00	219.00			Manchester City 2026/27 Away Shirt	manchester-city-2026-27-away-shirt	59f7773500	0	26-27 Manchester City Away Cheap Soccer Jerseys Yupoo
current	Manchester City	2026/27	Home	169.00	219.00			Manchester City 2026/27 Home Shirt	manchester-city-2026-27-home-shirt	147a97e4f1	0	26-27 Manchester City Player Version Cheap Soccer Jerseys Yupoo
current	Manchester City	2026/27	Third	169.00	219.00			Manchester City 2026/27 Third Shirt	manchester-city-2026-27-third-shirt	b150ce3b3d	0	26-27 Manchester City Third Cheap Soccer Jerseys Yupoo
previous	Manchester United	2025/26	Away	129.00	169.00	169.00	219.00	Manchester United 2025/26 Away Shirt	manchester-united-2025-26-away-shirt	bc3986f7	5	Player Version 25/26 Manchester United Away Purple Jersey
previous	Manchester United	2025/26	Home	129.00	169.00	169.00	219.00	Manchester United 2025/26 Home Shirt	manchester-united-2025-26-home-shirt	237ef735	6	Manchester United 2025/26 Terrace Icons Jersey Player Version
current	Manchester United	2026/27	Away	169.00	219.00			Manchester United 2026/27 Away Shirt	manchester-united-2026-27-away-shirt	66edeea6be	0	26-27 Man United Away Cheap Soccer Jerseys Yupoo
current	Manchester United	2026/27	Home	169.00	219.00			Manchester United 2026/27 Home Shirt	manchester-united-2026-27-home-shirt	200cc99a2a	0	26-27 Man United Player Version Cheap Soccer Jerseys Yupoo
current	Manchester United	2026/27	Third	169.00	219.00			Manchester United 2026/27 Third Shirt	manchester-united-2026-27-third-shirt	e2244b6ed2	2	26-27 Man United Third Cheap Soccer Jerseys Yupoo
current	Marseille	2026/27	Away	169.00	219.00			Marseille 2026/27 Away Shirt	marseille-2026-27-away-shirt	bd17656cf4	0	26-27 Marseille Away Player Version Cheap Soccer Jerseys Yupoo
national	Mexico	2025/26	Away	169.00	219.00			Mexico 2025/26 Away Shirt	mexico-2025-26-away-shirt	929ed932	10	Mens Mexico 2025_26 Away Jersey
national	Mexico	2025/26	Home	169.00	219.00			Mexico 2025/26 Home Shirt	mexico-2025-26-home-shirt	d49af11f	5	25-26 Mexico Player Version Cheap Soccer Jerseys Yupoo
national	Mexico	2026	Away	169.00	219.00			Mexico 2026 Away Shirt	mexico-2026-away-shirt	355d552d	11	Mens Mexico 2026 World Cup Away Jersey Player Version
national	Mexico	2026	Home	169.00	219.00			Mexico 2026 Home Shirt	mexico-2026-home-shirt	d145700e	7	Womens Mexico 2026 World Cup Home Jersey
national	Mexico	2026	Third	169.00	219.00			Mexico 2026 Third Shirt	mexico-2026-third-shirt	3d381902dd	10	2026 Mexico Third Cheap Soccer Jerseys Yupoo
national	Mexico	2026/27	Away	169.00	219.00			Mexico 2026/27 Away Shirt	mexico-2026-27-away-shirt	66d01157	2	26-27 Mexico Away Cheap Soccer Jerseys Yupoo
national	Mexico	2026/27	Home	169.00	219.00			Mexico 2026/27 Home Shirt	mexico-2026-27-home-shirt	ff1fc8ad7a	4	26-27 Mexico Player Version Cheap Soccer Jerseys Yupoo
national	Mexico	2026/27	Third	169.00	219.00			Mexico 2026/27 Third Shirt	mexico-2026-27-third-shirt	1343dc0c2e	0	26-27 Mexico Third Cheap Soccer Jerseys Yupoo
previous	Monaco	2025/26	Home	129.00	169.00	169.00	219.00	Monaco 2025/26 Home Shirt	monaco-2025-26-home-shirt	8fbe4e2e	4	25-26 Monaco Player Version Soccer Jerseys Yupoo
current	Monaco	2026/27	Home	169.00	219.00			Monaco 2026/27 Home Shirt	monaco-2026-27-home-shirt	559d38f163	0	26-27 Monaco Home Cheap Soccer Jerseys Yupoo
national	Morocco	2025/26	Home	169.00	219.00			Morocco 2025/26 Home Shirt	morocco-2025-26-home-shirt	9d64e8df	2	25-26 Morocco Cheap Soccer Jerseys Yupoo
national	Morocco	2026	Away	169.00	219.00			Morocco 2026 Away Shirt	morocco-2026-away-shirt	9a3962fe	9	Mens Morocco 2026 World Cup Away Jersey
national	Morocco	2026	Home	169.00	219.00			Morocco 2026 Home Shirt	morocco-2026-home-shirt	e383b0c4	9	Mens Morocco 2026 World Cup Home Jersey
current	Nantes	2026/27	Home	169.00	219.00			Nantes 2026/27 Home Shirt	nantes-2026-27-home-shirt	352d9e2142	0	26-27 Nantes Home Cheap Soccer Jerseys Yupoo
current	Napoli	2026/27	Away	169.00	219.00			Napoli 2026/27 Away Shirt	napoli-2026-27-away-shirt	2316f835d1	0	26-27 Napoli Away Cheap Soccer Jerseys Yupoo
current	Napoli	2026/27	Home	169.00	219.00			Napoli 2026/27 Home Shirt	napoli-2026-27-home-shirt	8021449aa8	0	26-27 Napoli Home Cheap Soccer Jerseys Yupoo
current	Napoli	2026/27	Third	169.00	219.00			Napoli 2026/27 Third Shirt	napoli-2026-27-third-shirt	6f000f0163	0	26-27 Napoli Third Cheap Soccer Jerseys Yupoo
national	Netherlands	2026	Away	169.00	219.00			Netherlands 2026 Away Shirt	netherlands-2026-away-shirt	2b5b9bdf	9	Mens Netherlands 2026 World Cup Away Jersey
national	Netherlands	2026	Home	169.00	219.00			Netherlands 2026 Home Shirt	netherlands-2026-home-shirt	e6731279	7	Mens Netherlands 2026 World Cup Home Jersey Player Version
national	Netherlands	2026/27	Away	169.00	219.00			Netherlands 2026/27 Away Shirt	netherlands-2026-27-away-shirt	7bd9a558c9	2	26-27 Netherlands Away Cheap Soccer Jerseys Yupoo
national	Netherlands	2026/27	Home	169.00	219.00			Netherlands 2026/27 Home Shirt	netherlands-2026-27-home-shirt	633432c07e	2	26-27 Netherlands Home Cheap Soccer Jerseys Yupoo
national	New Zealand	2025/26	Home	169.00	219.00			New Zealand 2025/26 Home Shirt	new-zealand-2025-26-home-shirt	30622153	9	Mens New Zealand 2025_26 Home Jersey
national	New Zealand	2026/27	Away	169.00	219.00			New Zealand 2026/27 Away Shirt	new-zealand-2026-27-away-shirt	1d25e439	0	26-27 New Zealand Away Cheap Soccer Jerseys Yupoo
previous	Newcastle United	2025/26	Home	129.00	169.00	169.00	219.00	Newcastle United 2025/26 Home Shirt	newcastle-united-2025-26-home-shirt	50ccd8a2	5	Newcastle United 2025/26 Home Jersey Player Version
current	Newcastle United	2026/27	Away	169.00	219.00			Newcastle United 2026/27 Away Shirt	newcastle-united-2026-27-away-shirt	65ae07c278	2	26-27 Newcastle United Away Cheap Soccer Jerseys Yupoo
current	Newcastle United	2026/27	Home	169.00	219.00			Newcastle United 2026/27 Home Shirt	newcastle-united-2026-27-home-shirt	97c4471caa	0	26-27 Newcastle United Home Cheap Soccer Jerseys Yupoo
national	Nigeria	2025/26	Away	169.00	219.00			Nigeria 2025/26 Away Shirt	nigeria-2025-26-away-shirt	109303cd	4	25-26 NIgeria Away Player Version Cheap Soccer Jerseys Yupoo
national	Nigeria	2025/26	Home	169.00	219.00			Nigeria 2025/26 Home Shirt	nigeria-2025-26-home-shirt	c3c70d5f	4	25-26 NIgeria Home Player Version Cheap Soccer Jerseys Yupoo
national	Nigeria	2026/27	Away	169.00	219.00			Nigeria 2026/27 Away Shirt	nigeria-2026-27-away-shirt	ae33c43dd9	2	26-27 NIgeria Away Cheap Soccer Jerseys Yupoo
national	Nigeria	2026/27	Home	169.00	219.00			Nigeria 2026/27 Home Shirt	nigeria-2026-27-home-shirt	96d9701b3d	2	26-27 NIgeria Home Cheap Soccer Jerseys Yupoo
national	Northern Ireland	2026	Home	169.00	219.00			Northern Ireland 2026 Home Shirt	northern-ireland-2026-home-shirt	ee517674	8	Mens Northern Ireland 2026 World Cup Home Jersey
national	Norway	2026	Away	169.00	219.00			Norway 2026 Away Shirt	norway-2026-away-shirt	e6f4287c	0	Mens Norway 2026 World Cup Away Jersey
national	Norway	2026	Home	169.00	219.00			Norway 2026 Home Shirt	norway-2026-home-shirt	20d1c3f8	7	Mens Norway 2026 World Cup Home Jersey
national	Norway	2026/27	Third	169.00	219.00			Norway 2026/27 Third Shirt	norway-2026-27-third-shirt	18e187955e	2	26-27 Norway Third Cheap Soccer Jerseys Yupoo
current	Nottingham Forest	2026/27	Home	169.00	219.00			Nottingham Forest 2026/27 Home Shirt	nottingham-forest-2026-27-home-shirt	5ada3b388d	0	26-27 Nottingham Forest Home Cheap Soccer Jerseys Yupoo
current	Osasuna	2026/27	Away	169.00	219.00			Osasuna 2026/27 Away Shirt	osasuna-2026-27-away-shirt	e75de7b9f9	0	26-27 Osasuna Away Cheap Soccer Jerseys Yupoo
national	Palestine	2025/26	Away	169.00	219.00			Palestine 2025/26 Away Shirt	palestine-2025-26-away-shirt	70006c0b	2	25-26 Palestine Away Cheap Soccer Jerseys Yupoo
national	Palestine	2025/26	Home	169.00	219.00			Palestine 2025/26 Home Shirt	palestine-2025-26-home-shirt	1178e850	2	25-26 Palestine Home Player Version Cheap Soccer Jerseys Yupoo
national	Palestine	2025/26	Third	169.00	219.00			Palestine 2025/26 Third Shirt	palestine-2025-26-third-shirt	e3404af1	2	25-26 Palestine Third Cheap Soccer Jerseys Yupoo
national	Paraguay	2026	Away	169.00	219.00			Paraguay 2026 Away Shirt	paraguay-2026-away-shirt	f1a650ca	7	Mens Paraguay 2026 World Cup Away Jersey
national	Paraguay	2026	Home	169.00	219.00			Paraguay 2026 Home Shirt	paraguay-2026-home-shirt	f99154e4	9	Mens Paraguay 2026 World Cup Home Jersey
national	Paraguay	2026/27	Home	169.00	219.00			Paraguay 2026/27 Home Shirt	paraguay-2026-27-home-shirt	74b74096	2	26-27 Paraguay Home Cheap Soccer Jerseys Yupoo
previous	Paris Saint-Germain	2025/26	Home	129.00	169.00	169.00	219.00	Paris Saint-Germain 2025/26 Home Shirt	paris-saint-germain-2025-26-home-shirt	b5de7411	2	25-26 Paris Player Version Cheap Soccer Jerseys Yupoo
current	Paris Saint-Germain	2026/27	Away	169.00	219.00			Paris Saint-Germain 2026/27 Away Shirt	paris-saint-germain-2026-27-away-shirt	fd50d9e465	2	26-27 Paris Away Cheap Soccer Jerseys Yupoo
current	Paris Saint-Germain	2026/27	Home	169.00	219.00			Paris Saint-Germain 2026/27 Home Shirt	paris-saint-germain-2026-27-home-shirt	d938c09a	4	26-27 Paris Cheap Soccer Jerseys Yupoo
current	Parma	2026/27	Home	169.00	219.00			Parma 2026/27 Home Shirt	parma-2026-27-home-shirt	d47c8743ee	0	26-27 Parma Home Cheap Soccer Jerseys Yupoo
national	Poland	2026	Home	169.00	219.00			Poland 2026 Home Shirt	poland-2026-home-shirt	ce806ba1d8	0	2026 Poland Home Player Version Cheap Soccer Jerseys Yupoo
national	Portugal	2025/26	Away	169.00	219.00			Portugal 2025/26 Away Shirt	portugal-2025-26-away-shirt	b474d0c4	2	25-26 Portugal Away Cheap Soccer Jerseys Yupoo
national	Portugal	2025/26	Home	169.00	219.00			Portugal 2025/26 Home Shirt	portugal-2025-26-home-shirt	930fc0e5	3	25-26 Portugal Yupoo
national	Portugal	2026	Away	169.00	219.00			Portugal 2026 Away Shirt	portugal-2026-away-shirt	db976fc6	11	Mens Portugal 2026 World Cup Away Jersey
national	Portugal	2026	Home	169.00	219.00			Portugal 2026 Home Shirt	portugal-2026-home-shirt	970881ed	9	Mens Portugal 2026 World Cup Home Jersey
national	Portugal	2026/27	Away	169.00	219.00			Portugal 2026/27 Away Shirt	portugal-2026-27-away-shirt	78a966ac	2	26-27 Portugal Away Cheap Soccer Jerseys Yupoo
national	Portugal	2026/27	Home	169.00	219.00			Portugal 2026/27 Home Shirt	portugal-2026-27-home-shirt	1053a76bcc	2	26-27 Portugal Cheap Soccer Jerseys Yupoo
national	Qatar	2026	Home	169.00	219.00			Qatar 2026 Home Shirt	qatar-2026-home-shirt	d3c4daaa	8	Mens Qatar 2026 World Cup Home Jersey
current	Rayo Vallecano	2026/27	Away	169.00	219.00			Rayo Vallecano 2026/27 Away Shirt	rayo-vallecano-2026-27-away-shirt	72f31edc36	0	26-27 Rayo Vallecano Away Cheap Soccer Jerseys Yupoo
current	Rayo Vallecano	2026/27	Home	169.00	219.00			Rayo Vallecano 2026/27 Home Shirt	rayo-vallecano-2026-27-home-shirt	af6f76a949	0	26-27 Rayo Vallecano Cheap Soccer Jerseys Yupoo
previous	RB Leipzig	2025/26	Away	129.00	169.00	169.00	219.00	RB Leipzig 2025/26 Away Shirt	rb-leipzig-2025-26-away-shirt	9743d0f5	2	25-26 Leipzig Away Cheap Soccer Jerseys Yupoo
previous	RB Leipzig	2025/26	Home	129.00	169.00	169.00	219.00	RB Leipzig 2025/26 Home Shirt	rb-leipzig-2025-26-home-shirt	95650b8e	8	25/26 RB Leipzig Home S-4XL
previous	Real Betis	2025/26	Home	129.00	169.00	169.00	219.00	Real Betis 2025/26 Home Shirt	real-betis-2025-26-home-shirt	a8ac6060	6	Real Betis 2025/26 Home Leaked version Jersey
current	Real Betis	2026/27	Away	169.00	219.00			Real Betis 2026/27 Away Shirt	real-betis-2026-27-away-shirt	38d9585d60	0	26-27 Real Betis Away Cheap Soccer Jerseys Yupoo
current	Real Betis	2026/27	Home	169.00	219.00			Real Betis 2026/27 Home Shirt	real-betis-2026-27-home-shirt	bab992a937	0	26-27 Real Betis Home Player Version Cheap Soccer Jerseys Yupoo
current	Real Betis	2026/27	Third	169.00	219.00			Real Betis 2026/27 Third Shirt	real-betis-2026-27-third-shirt	9c811a679b	0	26-27 Real Betis Third Cheap Soccer Jerseys Yupoo
previous	Real Madrid	2025/26	Away	129.00	169.00	169.00	219.00	Real Madrid 2025/26 Away Shirt	real-madrid-2025-26-away-shirt	8278bd6a	9	25/26 Real Madrid away S-4XL
previous	Real Madrid	2025/26	Home	129.00	169.00	169.00	219.00	Real Madrid 2025/26 Home Shirt	real-madrid-2025-26-home-shirt	bcd2f696	10	Real Madrid 2025/26 Home Jersey
previous	Real Madrid	2025/26	Third	129.00	169.00	169.00	219.00	Real Madrid 2025/26 Third Shirt	real-madrid-2025-26-third-shirt	993f0fa9	2	25-26 Real Madrid Third Cheap Soccer Jerseys Yupoo
current	Real Madrid	2026/27	Away	169.00	219.00			Real Madrid 2026/27 Away Shirt	real-madrid-2026-27-away-shirt	c05d665c6c	0	26-27 Real Madrid Away Cheap Soccer Jerseys Yupoo
current	Real Madrid	2026/27	Home	169.00	219.00			Real Madrid 2026/27 Home Shirt	real-madrid-2026-27-home-shirt	037e6faeb4	0	26-27 Real Madrid Player Version Cheap Soccer Jerseys Yupoo
current	Real Oviedo	2026/27	Away	169.00	219.00			Real Oviedo 2026/27 Away Shirt	real-oviedo-2026-27-away-shirt	1420e06d81	0	26-27 Oviedo Away Cheap Soccer Jerseys Yupoo
current	Real Oviedo	2026/27	Home	169.00	219.00			Real Oviedo 2026/27 Home Shirt	real-oviedo-2026-27-home-shirt	5125092f6b	0	26-27 Oviedo Home Cheap Soccer Jerseys Yupoo
current	Real Oviedo	2026/27	Third	169.00	219.00			Real Oviedo 2026/27 Third Shirt	real-oviedo-2026-27-third-shirt	d4bf1ab0ff	0	26-27 Oviedo Third Cheap Soccer Jerseys Yupoo
current	Real Sociedad	2026/27	Home	169.00	219.00			Real Sociedad 2026/27 Home Shirt	real-sociedad-2026-27-home-shirt	d8dfd0490a	0	26-27 Real Sociedad Home Cheap Soccer Jerseys Yupoo
current	Real Sociedad	2026/27	Third	169.00	219.00			Real Sociedad 2026/27 Third Shirt	real-sociedad-2026-27-third-shirt	5b046a430b	0	26-27 Real Sociedad Third Cheap Soccer Jerseys Yupoo
national	Republic of Ireland	2026/27	Away	169.00	219.00			Republic of Ireland 2026/27 Away Shirt	republic-of-ireland-2026-27-away-shirt	3f44805b	2	26-27 Ireland Away Cheap Soccer Jerseys Yupoo
current	Roma	2026/27	Away	169.00	219.00			Roma 2026/27 Away Shirt	roma-2026-27-away-shirt	18bf15c04e	0	26-27 Roma Away Cheap Soccer Jerseys Yupoo
current	Roma	2026/27	Home	169.00	219.00			Roma 2026/27 Home Shirt	roma-2026-27-home-shirt	7881bac0	7	26-27 Roma Player Version Cheap Soccer Jerseys Yupoo
national	Romania	2025/26	Home	169.00	219.00			Romania 2025/26 Home Shirt	romania-2025-26-home-shirt	9240d4fd	2	25-26 Romania Home Cheap Soccer Jerseys Yupoo
national	Romania	2025/26	Third	169.00	219.00			Romania 2025/26 Third Shirt	romania-2025-26-third-shirt	c7ebeb7c	2	25-26 Romania Third Cheap Soccer Jerseys Yupoo
national	Saudi Arabia	2026	Away	169.00	219.00			Saudi Arabia 2026 Away Shirt	saudi-arabia-2026-away-shirt	d6271dbcba	4	2026 Saudi Arabia Away Cheap Soccer Jerseys Yupoo
national	Saudi Arabia	2026	Home	169.00	219.00			Saudi Arabia 2026 Home Shirt	saudi-arabia-2026-home-shirt	0b6da857	8	Mens Saudi Arabia 2026 World Cup Home Jersey
national	Scotland	2025/26	Away	169.00	219.00			Scotland 2025/26 Away Shirt	scotland-2025-26-away-shirt	488d6fee	2	25-26 Scotland Away Cheap Soccer Jerseys Yupoo
national	Scotland	2026	Away	169.00	219.00			Scotland 2026 Away Shirt	scotland-2026-away-shirt	27306a39	0	Mens Scotland 2026 World Cup Away Jersey
national	Scotland	2026	Home	169.00	219.00			Scotland 2026 Home Shirt	scotland-2026-home-shirt	9384e9b3	0	Mens Scotland 2026 World Cup Home Jersey
national	Senegal	2026	Away	169.00	219.00			Senegal 2026 Away Shirt	senegal-2026-away-shirt	6fcd8ac2	0	Mens Senegal 2026 World Cup Away Jersey Player Version
national	Senegal	2026/27	Away	169.00	219.00			Senegal 2026/27 Away Shirt	senegal-2026-27-away-shirt	7c3ecf6e	0	Mens Senegal 2026_27 Away Jersey
national	Senegal	2026/27	Home	169.00	219.00			Senegal 2026/27 Home Shirt	senegal-2026-27-home-shirt	653ceb23	10	Mens Senegal 2026_27 Home Jersey
current	Sevilla	2026/27	Away	169.00	219.00			Sevilla 2026/27 Away Shirt	sevilla-2026-27-away-shirt	b443ef52d8	0	26-27 Sevilla Away Cheap Soccer Jerseys Yupoo
current	Sevilla	2026/27	Home	169.00	219.00			Sevilla 2026/27 Home Shirt	sevilla-2026-27-home-shirt	0b49a7024a	0	26-27 Sevilla Home Cheap Soccer Jerseys Yupoo
current	Sevilla	2026/27	Third	169.00	219.00			Sevilla 2026/27 Third Shirt	sevilla-2026-27-third-shirt	ceca31c124	0	26-27 Sevilla Third Cheap Soccer Jerseys Yupoo
national	South Africa	2026	Away	169.00	219.00			South Africa 2026 Away Shirt	south-africa-2026-away-shirt	4e3a1495	8	Mens South Africa 2026 Wrold Cup Away Jersey
national	South Africa	2026	Home	169.00	219.00			South Africa 2026 Home Shirt	south-africa-2026-home-shirt	f50bc9cc	7	Mens South Africa Springbok 2026 Home Jersey
national	South Korea	2025/26	Away	169.00	219.00			South Korea 2025/26 Away Shirt	south-korea-2025-26-away-shirt	b38f9cf8	2	25-26 Korea Away Cheap Soccer Jerseys Yupoo
national	South Korea	2025/26	Home	169.00	219.00			South Korea 2025/26 Home Shirt	south-korea-2025-26-home-shirt	9cb08271	2	25-26 Korea Home Cheap Soccer Jerseys Yupoo
national	South Korea	2026	Home	169.00	219.00			South Korea 2026 Home Shirt	south-korea-2026-home-shirt	bcf0a9bb	2	2026 Korea Home Cheap Soccer Jerseys Yupoo
national	Spain	2025/26	Away	169.00	219.00			Spain 2025/26 Away Shirt	spain-2025-26-away-shirt	e789815b	2	25-26 Spain Away Cheap Soccer Jerseys Yupoo
national	Spain	2025/26	Home	169.00	219.00			Spain 2025/26 Home Shirt	spain-2025-26-home-shirt	33aff14c	2	25-26 Spain Home Cheap Soccer Jerseys Yupoo
national	Spain	2026	Away	169.00	219.00			Spain 2026 Away Shirt	spain-2026-away-shirt	e88a0e7e	13	Mens Spain 2026 World Cup Away Jersey Player Version
national	Spain	2026	Home	169.00	219.00			Spain 2026 Home Shirt	spain-2026-home-shirt	383a5643	16	Mens Spain 2026 World Cup Home Jersey Player Version
national	Spain	2026	Third	169.00	219.00			Spain 2026 Third Shirt	spain-2026-third-shirt	64a5ff913c	0	2026 Spain Third Cheap Soccer Jerseys Yupoo
national	Spain	2026/27	Away	169.00	219.00			Spain 2026/27 Away Shirt	spain-2026-27-away-shirt	82691bb4	6	26-27 Spain Away Cheap Soccer Jerseys Yupoo
national	Spain	2026/27	Home	169.00	219.00			Spain 2026/27 Home Shirt	spain-2026-27-home-shirt	a0db0f60	2	26-27 Spain Cheap Soccer Jerseys Yupoo
national	Spain	2026/27	Third	169.00	219.00			Spain 2026/27 Third Shirt	spain-2026-27-third-shirt	971f71a31b	0	26-27 Spain Third Cheap Soccer Jerseys Yupoo
current	Sunderland	2026/27	Away	169.00	219.00			Sunderland 2026/27 Away Shirt	sunderland-2026-27-away-shirt	2269ab1d48	2	26-27 Sunderland Away Cheap Soccer Jerseys Yupoo
current	Sunderland	2026/27	Home	169.00	219.00			Sunderland 2026/27 Home Shirt	sunderland-2026-27-home-shirt	8e3c05b005	0	26-27 Sunderland Home Cheap Soccer Jerseys Yupoo
national	Sweden	2026	Away	169.00	219.00			Sweden 2026 Away Shirt	sweden-2026-away-shirt	6452b26164	6	2026 Sweden Away Player Version Cheap Soccer Jerseys Yupoo
national	Sweden	2026	Home	169.00	219.00			Sweden 2026 Home Shirt	sweden-2026-home-shirt	27626776	10	Mens Sweden 2026 World Cup Home Jersey
national	Switzerland	2026	Away	169.00	219.00			Switzerland 2026 Away Shirt	switzerland-2026-away-shirt	652337f6	8	Mens Switzerland 2026 World Cup Away Jersey
previous	Tottenham Hotspur	2025/26	Away	129.00	169.00	169.00	219.00	Tottenham Hotspur 2025/26 Away Shirt	tottenham-hotspur-2025-26-away-shirt	b1642998	7	Tottenham Hotspur 2025/26 Away Jersey Player Version
previous	Tottenham Hotspur	2025/26	Home	129.00	169.00	169.00	219.00	Tottenham Hotspur 2025/26 Home Shirt	tottenham-hotspur-2025-26-home-shirt	b80e60f5	6	Tottenham Hotspur 2025/26 White Gold Snake Edition Jersey Player Version
national	Tunisia	2026	Away	169.00	219.00			Tunisia 2026 Away Shirt	tunisia-2026-away-shirt	4933f6e3	0	Mens Tunisia 2026 World Cup Away Jersey
national	Tunisia	2026	Home	169.00	219.00			Tunisia 2026 Home Shirt	tunisia-2026-home-shirt	ffc547fc	0	Mens Tunisia 2026 World Cup Home Jersey
national	Tunisia	2026	Third	169.00	219.00			Tunisia 2026 Third Shirt	tunisia-2026-third-shirt	fb93a875	7	Mens Tunisia 2026 World Cup Third Jersey
national	Tunisia	2026/27	Away	169.00	219.00			Tunisia 2026/27 Away Shirt	tunisia-2026-27-away-shirt	18cf4f82ff	0	26-27 Tunisia Away Cheap Soccer Jerseys Yupoo
national	Tunisia	2026/27	Third	169.00	219.00			Tunisia 2026/27 Third Shirt	tunisia-2026-27-third-shirt	7b13f97d3c	0	26-27 Tunisia Third Cheap Soccer Jerseys Yupoo
national	Turkey	2026/27	Away	169.00	219.00			Turkey 2026/27 Away Shirt	turkey-2026-27-away-shirt	443c3278	2	26-27 Turkey Away Cheap Soccer Jerseys Yupoo
national	Turkey	2026/27	Home	169.00	219.00			Turkey 2026/27 Home Shirt	turkey-2026-27-home-shirt	85687866	2	26-27 Turkey Home Cheap Soccer Jerseys Yupoo
national	Ukraine	2026	Home	169.00	219.00			Ukraine 2026 Home Shirt	ukraine-2026-home-shirt	40d53065	0	Mens Ukraine 2026 World Cup Home Jersey
national	United Arab Emirates	2026	Home	169.00	219.00			United Arab Emirates 2026 Home Shirt	united-arab-emirates-2026-home-shirt	1f5aa4bd	0	Mens United Arab Emirates 2026 World Cup Home Jersey
national	United States	2026	Away	169.00	219.00			United States 2026 Away Shirt	united-states-2026-away-shirt	890b6b1c	7	Mens USA 2026 World Cup Away Jersey
national	United States	2026	Home	169.00	219.00			United States 2026 Home Shirt	united-states-2026-home-shirt	6755ff06	8	Mens USA 2026 World Cup Home Jersey
national	United States	2026/27	Home	169.00	219.00			United States 2026/27 Home Shirt	united-states-2026-27-home-shirt	cee643a61b	0	26-27 USA Cheap Soccer Jerseys Yupoo
national	Uruguay	2025/26	Away	169.00	219.00			Uruguay 2025/26 Away Shirt	uruguay-2025-26-away-shirt	0c622e6b	2	25-26 Uruguay Away Cheap Soccer Jerseys Yupoo
national	Uruguay	2025/26	Home	169.00	219.00			Uruguay 2025/26 Home Shirt	uruguay-2025-26-home-shirt	4ad6496c	2	25-26 Uruguay Home Cheap Soccer Jerseys Yupoo
national	Uruguay	2026	Away	169.00	219.00			Uruguay 2026 Away Shirt	uruguay-2026-away-shirt	5ee0ad68	8	Mens Uruguay 2026 World Cup Away Jersey
national	Uruguay	2026	Home	169.00	219.00			Uruguay 2026 Home Shirt	uruguay-2026-home-shirt	3caf4102	0	Mens Uruguay 2026 Home Jersey Player Version
national	Uzbekistan	2025/26	Home	169.00	219.00			Uzbekistan 2025/26 Home Shirt	uzbekistan-2025-26-home-shirt	175cda49	2	25-26 Uzbekistan Home Cheap Soccer Jerseys Yupoo
current	Valencia	2026/27	Third	169.00	219.00			Valencia 2026/27 Third Shirt	valencia-2026-27-third-shirt	158e358bb6	2	26-27 Valencia Third Cheap Soccer Jerseys Yupoo
national	Venezuela	2025/26	Home	169.00	219.00			Venezuela 2025/26 Home Shirt	venezuela-2025-26-home-shirt	ff3dd3d0	2	25-26 Venezuela Cheap Soccer Jerseys Yupoo
national	Venezuela	2026	Away	169.00	219.00			Venezuela 2026 Away Shirt	venezuela-2026-away-shirt	db4ac01f81	7	2026 Venezuela Away Player Version Cheap Soccer Jerseys Yupoo
national	Venezuela	2026	Home	169.00	219.00			Venezuela 2026 Home Shirt	venezuela-2026-home-shirt	23adae76	0	Mens Venezuela 2026 World Cup Home Jersey
current	VfB Stuttgart	2026/27	Home	169.00	219.00			VfB Stuttgart 2026/27 Home Shirt	vfb-stuttgart-2026-27-home-shirt	1bae17dba2	0	26-27 Stuttgart Home Cheap Soccer Jerseys Yupoo
current	Villarreal	2026/27	Home	169.00	219.00			Villarreal 2026/27 Home Shirt	villarreal-2026-27-home-shirt	f44aaae400	0	26-27 Villarreal Home Cheap Soccer Jerseys Yupoo
national	Wales	2026	Away	169.00	219.00			Wales 2026 Away Shirt	wales-2026-away-shirt	e65d0790	9	Mens Wales 2026 World Cup Away Jersey
national	Wales	2026	Home	169.00	219.00			Wales 2026 Home Shirt	wales-2026-home-shirt	d3da1f90	0	Mens Wales 2026 World Cup Home Jersey
previous	Werder Bremen	2025/26	Home	129.00	169.00	169.00	219.00	Werder Bremen 2025/26 Home Shirt	werder-bremen-2025-26-home-shirt	cadc73b2	2	25-26 Werder Bremen Home Cheap Soccer Jerseys Yupoo
current	Werder Bremen	2026/27	Away	169.00	219.00			Werder Bremen 2026/27 Away Shirt	werder-bremen-2026-27-away-shirt	8b4c2d57c0	0	26-27 Werder Bremen Away Cheap Soccer Jerseys Yupoo
current	Werder Bremen	2026/27	Third	169.00	219.00			Werder Bremen 2026/27 Third Shirt	werder-bremen-2026-27-third-shirt	9115447b63	0	26-27 Werder Bremen Third Cheap Soccer Jerseys Yupoo
current	West Ham United	2026/27	Away	169.00	219.00			West Ham United 2026/27 Away Shirt	west-ham-united-2026-27-away-shirt	6607af1759	0	26-27 West Ham Away Player Version Cheap Soccer Jerseys Yupoo
current	West Ham United	2026/27	Home	169.00	219.00			West Ham United 2026/27 Home Shirt	west-ham-united-2026-27-home-shirt	0ed46b075d	0	26-27 West Ham Home Cheap Soccer Jerseys Yupoo
previous	Wolverhampton Wanderers	2025/26	Home	129.00	169.00	169.00	219.00	Wolverhampton Wanderers 2025/26 Home Shirt	wolverhampton-wanderers-2025-26-home-shirt	5123749c	9	Wolves 2025/26 70th Snniversary Jersey
current	Wolverhampton Wanderers	2026/27	Home	169.00	219.00			Wolverhampton Wanderers 2026/27 Home Shirt	wolverhampton-wanderers-2026-27-home-shirt	263d638b16	0	26-27 Wolves Home Cheap Soccer Jerseys Yupoo
