Handle,Title,Body (HTML),Vendor,Type,Tags,Published,Option1 Name,Option1 Value,Option2 Name,Option2 Value,Variant SKU,Variant Grams,Variant Inventory Tracker,Variant Inventory Policy,Variant Fulfillment Service,Variant Price,Variant Compare At Price,Cost per item,Variant Requires Shipping,Variant Taxable,Image Src,Image Position,Image Alt Text,SEO Title,SEO Description,Status
ac-milan-2025-26-home-shirt,AC Milan 2025/26 Home Shirt,"<p>The AC Milan 2025/26 home shirt. Available in fan and player versions, sizes S to 4XL.</p><p>Name and number printed to order (+₪39), adding two days to dispatch. Delivery is 12 to 25 days, tracked.</p>",Previous Season,Club Jersey,"Previous Season, 2025/26, Home, AC Milan, Serie A, Football, Soccer, Jersey",FALSE,Size,S,Version,Fan,AC-MILAN-2025-26-HOME-SHIRT-S-FAN,200,,continue,manual,129.00,169.00,66.66,TRUE,TRUE,https://raw.githubusercontent.com/OmarHawari2/kitverse-images/main/images/256e382f.jpg,1,AC Milan 2025/26 Home Shirt,AC Milan 2025/26 Home Shirt,"Shop the AC Milan 2025/26 Home Shirt. Fan and player versions, sizes S-4XL, name and number printed to order.",draft
ac-milan-2025-26-home-shirt,,,,,,,Size,S,Version,Player,AC-MILAN-2025-26-HOME-SHIRT-S-PV,200,,continue,manual,169.00,219.00,72.72,TRUE,TRUE,,,,,,
ac-milan-2025-26-home-shirt,,,,,,,Size,M,Version,Fan,AC-MILAN-2025-26-HOME-SHIRT-M-FAN,200,,continue,manual,129.00,169.00,66.66,TRUE,TRUE,,,,,,
ac-milan-2025-26-home-shirt,,,,,,,Size,M,Version,Player,AC-MILAN-2025-26-HOME-SHIRT-M-PV,200,,continue,manual,169.00,219.00,72.72,TRUE,TRUE,,,,,,
ac-milan-2025-26-home-shirt,,,,,,,Size,L,Version,Fan,AC-MILAN-2025-26-HOME-SHIRT-L-FAN,200,,continue,manual,129.00,169.00,66.66,TRUE,TRUE,,,,,,
ac-milan-2025-26-home-shirt,,,,,,,Size,L,Version,Player,AC-MILAN-2025-26-HOME-SHIRT-L-PV,200,,continue,manual,169.00,219.00,72.72,TRUE,TRUE,,,,,,
ac-milan-2025-26-home-shirt,,,,,,,Size,XL,Version,Fan,AC-MILAN-2025-26-HOME-SHIRT-XL-FAN,200,,continue,manual,129.00,169.00,66.66,TRUE,TRUE,,,,,,
ac-milan-2025-26-home-shirt,,,,,,,Size,XL,Version,Player,AC-MILAN-2025-26-HOME-SHIRT-XL-PV,200,,continue,manual,169.00,219.00,72.72,TRUE,TRUE,,,,,,
ac-milan-2025-26-home-shirt,,,,,,,Size,XXL,Version,Fan,AC-MILAN-2025-26-HOME-SHIRT-XXL-FAN,200,,continue,manual,129.00,169.00,66.66,TRUE,TRUE,,,,,,
ac-milan-2025-26-home-shirt,,,,,,,Size,XXL,Version,Player,AC-MILAN-2025-26-HOME-SHIRT-XXL-PV,200,,continue,manual,169.00,219.00,72.72,TRUE,TRUE,,,,,,
ac-milan-2025-26-home-shirt,,,,,,,Size,3XL,Version,Fan,AC-MILAN-2025-26-HOME-SHIRT-3XL-FAN,200,,continue,manual,144.00,184.00,72.72,TRUE,TRUE,,,,,,
ac-milan-2025-26-home-shirt,,,,,,,Size,3XL,Version,Player,AC-MILAN-2025-26-HOME-SHIRT-3XL-PV,200,,continue,manual,184.00,234.00,78.78,TRUE,TRUE,,,,,,
ac-milan-2025-26-home-shirt,,,,,,,Size,4XL,Version,Fan,AC-MILAN-2025-26-HOME-SHIRT-4XL-FAN,200,,continue,manual,144.00,184.00,72.72,TRUE,TRUE,,,,,,
ac-milan-2025-26-home-shirt,,,,,,,Size,4XL,Version,Player,AC-MILAN-2025-26-HOME-SHIRT-4XL-PV,200,,continue,manual,184.00,234.00,78.78,TRUE,TRUE,,,,,,
argentina-2026-away-shirt,Argentina 2026 Away Shirt,"<p>The Argentina 2026 away shirt. Available in fan and player versions, sizes S to 4XL.</p><p>Name and number printed to order (+₪39), adding two days to dispatch. Delivery is 12 to 25 days, tracked.</p>",National Teams,National Team Jersey,"National Teams, 2026, Away, Argentina, International, Football, Soccer, Jersey",FALSE,Size,S,Version,Fan,ARGENTINA-2026-AWAY-SHIRT-S-FAN,200,,continue,manual,169.00,,66.66,TRUE,TRUE,https://raw.githubusercontent.com/OmarHawari2/kitverse-images/main/images/71dd2d1c.jpg,1,Argentina 2026 Away Shirt,Argentina 2026 Away Shirt,"Shop the Argentina 2026 Away Shirt. Fan and player versions, sizes S-4XL, name and number printed to order.",draft
argentina-2026-away-shirt,,,,,,,Size,S,Version,Player,ARGENTINA-2026-AWAY-SHIRT-S-PV,200,,continue,manual,219.00,,72.72,TRUE,TRUE,,,,,,
argentina-2026-away-shirt,,,,,,,Size,M,Version,Fan,ARGENTINA-2026-AWAY-SHIRT-M-FAN,200,,continue,manual,169.00,,66.66,TRUE,TRUE,,,,,,
argentina-2026-away-shirt,,,,,,,Size,M,Version,Player,ARGENTINA-2026-AWAY-SHIRT-M-PV,200,,continue,manual,219.00,,72.72,TRUE,TRUE,,,,,,
argentina-2026-away-shirt,,,,,,,Size,L,Version,Fan,ARGENTINA-2026-AWAY-SHIRT-L-FAN,200,,continue,manual,169.00,,66.66,TRUE,TRUE,,,,,,
argentina-2026-away-shirt,,,,,,,Size,L,Version,Player,ARGENTINA-2026-AWAY-SHIRT-L-PV,200,,continue,manual,219.00,,72.72,TRUE,TRUE,,,,,,
argentina-2026-away-shirt,,,,,,,Size,XL,Version,Fan,ARGENTINA-2026-AWAY-SHIRT-XL-FAN,200,,continue,manual,169.00,,66.66,TRUE,TRUE,,,,,,
argentina-2026-away-shirt,,,,,,,Size,XL,Version,Player,ARGENTINA-2026-AWAY-SHIRT-XL-PV,200,,continue,manual,219.00,,72.72,TRUE,TRUE,,,,,,
argentina-2026-away-shirt,,,,,,,Size,XXL,Version,Fan,ARGENTINA-2026-AWAY-SHIRT-XXL-FAN,200,,continue,manual,169.00,,66.66,TRUE,TRUE,,,,,,
argentina-2026-away-shirt,,,,,,,Size,XXL,Version,Player,ARGENTINA-2026-AWAY-SHIRT-XXL-PV,200,,continue,manual,219.00,,72.72,TRUE,TRUE,,,,,,
argentina-2026-away-shirt,,,,,,,Size,3XL,Version,Fan,ARGENTINA-2026-AWAY-SHIRT-3XL-FAN,200,,continue,manual,184.00,,72.72,TRUE,TRUE,,,,,,
argentina-2026-away-shirt,,,,,,,Size,3XL,Version,Player,ARGENTINA-2026-AWAY-SHIRT-3XL-PV,200,,continue,manual,234.00,,78.78,TRUE,TRUE,,,,,,
argentina-2026-away-shirt,,,,,,,Size,4XL,Version,Fan,ARGENTINA-2026-AWAY-SHIRT-4XL-FAN,200,,continue,manual,184.00,,72.72,TRUE,TRUE,,,,,,
argentina-2026-away-shirt,,,,,,,Size,4XL,Version,Player,ARGENTINA-2026-AWAY-SHIRT-4XL-PV,200,,continue,manual,234.00,,78.78,TRUE,TRUE,,,,,,
arsenal-2025-26-home-shirt,Arsenal 2025/26 Home Shirt,"<p>The Arsenal 2025/26 home shirt. Available in fan and player versions, sizes S to 4XL.</p><p>Name and number printed to order (+₪39), adding two days to dispatch. Delivery is 12 to 25 days, tracked.</p>",Previous Season,Club Jersey,"Previous Season, 2025/26, Home, Arsenal, Premier League, Football, Soccer, Jersey",FALSE,Size,S,Version,Fan,ARSENAL-2025-26-HOME-SHIRT-S-FAN,200,,continue,manual,129.00,169.00,66.66,TRUE,TRUE,https://raw.githubusercontent.com/OmarHawari2/kitverse-images/main/images/1bc92125.jpg,1,Arsenal 2025/26 Home Shirt,Arsenal 2025/26 Home Shirt,"Shop the Arsenal 2025/26 Home Shirt. Fan and player versions, sizes S-4XL, name and number printed to order.",draft
arsenal-2025-26-home-shirt,,,,,,,Size,S,Version,Player,ARSENAL-2025-26-HOME-SHIRT-S-PV,200,,continue,manual,169.00,219.00,72.72,TRUE,TRUE,,,,,,
arsenal-2025-26-home-shirt,,,,,,,Size,M,Version,Fan,ARSENAL-2025-26-HOME-SHIRT-M-FAN,200,,continue,manual,129.00,169.00,66.66,TRUE,TRUE,,,,,,
arsenal-2025-26-home-shirt,,,,,,,Size,M,Version,Player,ARSENAL-2025-26-HOME-SHIRT-M-PV,200,,continue,manual,169.00,219.00,72.72,TRUE,TRUE,,,,,,
arsenal-2025-26-home-shirt,,,,,,,Size,L,Version,Fan,ARSENAL-2025-26-HOME-SHIRT-L-FAN,200,,continue,manual,129.00,169.00,66.66,TRUE,TRUE,,,,,,
arsenal-2025-26-home-shirt,,,,,,,Size,L,Version,Player,ARSENAL-2025-26-HOME-SHIRT-L-PV,200,,continue,manual,169.00,219.00,72.72,TRUE,TRUE,,,,,,
arsenal-2025-26-home-shirt,,,,,,,Size,XL,Version,Fan,ARSENAL-2025-26-HOME-SHIRT-XL-FAN,200,,continue,manual,129.00,169.00,66.66,TRUE,TRUE,,,,,,
arsenal-2025-26-home-shirt,,,,,,,Size,XL,Version,Player,ARSENAL-2025-26-HOME-SHIRT-XL-PV,200,,continue,manual,169.00,219.00,72.72,TRUE,TRUE,,,,,,
arsenal-2025-26-home-shirt,,,,,,,Size,XXL,Version,Fan,ARSENAL-2025-26-HOME-SHIRT-XXL-FAN,200,,continue,manual,129.00,169.00,66.66,TRUE,TRUE,,,,,,
arsenal-2025-26-home-shirt,,,,,,,Size,XXL,Version,Player,ARSENAL-2025-26-HOME-SHIRT-XXL-PV,200,,continue,manual,169.00,219.00,72.72,TRUE,TRUE,,,,,,
arsenal-2025-26-home-shirt,,,,,,,Size,3XL,Version,Fan,ARSENAL-2025-26-HOME-SHIRT-3XL-FAN,200,,continue,manual,144.00,184.00,72.72,TRUE,TRUE,,,,,,
arsenal-2025-26-home-shirt,,,,,,,Size,3XL,Version,Player,ARSENAL-2025-26-HOME-SHIRT-3XL-PV,200,,continue,manual,184.00,234.00,78.78,TRUE,TRUE,,,,,,
arsenal-2025-26-home-shirt,,,,,,,Size,4XL,Version,Fan,ARSENAL-2025-26-HOME-SHIRT-4XL-FAN,200,,continue,manual,144.00,184.00,72.72,TRUE,TRUE,,,,,,
arsenal-2025-26-home-shirt,,,,,,,Size,4XL,Version,Player,ARSENAL-2025-26-HOME-SHIRT-4XL-PV,200,,continue,manual,184.00,234.00,78.78,TRUE,TRUE,,,,,,
bayern-munich-2025-26-away-shirt,Bayern Munich 2025/26 Away Shirt,"<p>The Bayern Munich 2025/26 away shirt. Available in fan and player versions, sizes S to 4XL.</p><p>Name and number printed to order (+₪39), adding two days to dispatch. Delivery is 12 to 25 days, tracked.</p>",Previous Season,Club Jersey,"Previous Season, 2025/26, Away, Bayern Munich, Bundesliga, Football, Soccer, Jersey",FALSE,Size,S,Version,Fan,BAYERN-MUNICH-2025-26-AWAY-SHIRT-S-FAN,200,,continue,manual,129.00,169.00,66.66,TRUE,TRUE,https://raw.githubusercontent.com/OmarHawari2/kitverse-images/main/images/3ed9bbca.jpg,1,Bayern Munich 2025/26 Away Shirt,Bayern Munich 2025/26 Away Shirt,"Shop the Bayern Munich 2025/26 Away Shirt. Fan and player versions, sizes S-4XL, name and number printed to order.",draft
bayern-munich-2025-26-away-shirt,,,,,,,Size,S,Version,Player,BAYERN-MUNICH-2025-26-AWAY-SHIRT-S-PV,200,,continue,manual,169.00,219.00,72.72,TRUE,TRUE,,,,,,
bayern-munich-2025-26-away-shirt,,,,,,,Size,M,Version,Fan,BAYERN-MUNICH-2025-26-AWAY-SHIRT-M-FAN,200,,continue,manual,129.00,169.00,66.66,TRUE,TRUE,,,,,,
bayern-munich-2025-26-away-shirt,,,,,,,Size,M,Version,Player,BAYERN-MUNICH-2025-26-AWAY-SHIRT-M-PV,200,,continue,manual,169.00,219.00,72.72,TRUE,TRUE,,,,,,
bayern-munich-2025-26-away-shirt,,,,,,,Size,L,Version,Fan,BAYERN-MUNICH-2025-26-AWAY-SHIRT-L-FAN,200,,continue,manual,129.00,169.00,66.66,TRUE,TRUE,,,,,,
bayern-munich-2025-26-away-shirt,,,,,,,Size,L,Version,Player,BAYERN-MUNICH-2025-26-AWAY-SHIRT-L-PV,200,,continue,manual,169.00,219.00,72.72,TRUE,TRUE,,,,,,
bayern-munich-2025-26-away-shirt,,,,,,,Size,XL,Version,Fan,BAYERN-MUNICH-2025-26-AWAY-SHIRT-XL-FAN,200,,continue,manual,129.00,169.00,66.66,TRUE,TRUE,,,,,,
bayern-munich-2025-26-away-shirt,,,,,,,Size,XL,Version,Player,BAYERN-MUNICH-2025-26-AWAY-SHIRT-XL-PV,200,,continue,manual,169.00,219.00,72.72,TRUE,TRUE,,,,,,
bayern-munich-2025-26-away-shirt,,,,,,,Size,XXL,Version,Fan,BAYERN-MUNICH-2025-26-AWAY-SHIRT-XXL-FAN,200,,continue,manual,129.00,169.00,66.66,TRUE,TRUE,,,,,,
bayern-munich-2025-26-away-shirt,,,,,,,Size,XXL,Version,Player,BAYERN-MUNICH-2025-26-AWAY-SHIRT-XXL-PV,200,,continue,manual,169.00,219.00,72.72,TRUE,TRUE,,,,,,
bayern-munich-2025-26-away-shirt,,,,,,,Size,3XL,Version,Fan,BAYERN-MUNICH-2025-26-AWAY-SHIRT-3XL-FAN,200,,continue,manual,144.00,184.00,72.72,TRUE,TRUE,,,,,,
bayern-munich-2025-26-away-shirt,,,,,,,Size,3XL,Version,Player,BAYERN-MUNICH-2025-26-AWAY-SHIRT-3XL-PV,200,,continue,manual,184.00,234.00,78.78,TRUE,TRUE,,,,,,
bayern-munich-2025-26-away-shirt,,,,,,,Size,4XL,Version,Fan,BAYERN-MUNICH-2025-26-AWAY-SHIRT-4XL-FAN,200,,continue,manual,144.00,184.00,72.72,TRUE,TRUE,,,,,,
bayern-munich-2025-26-away-shirt,,,,,,,Size,4XL,Version,Player,BAYERN-MUNICH-2025-26-AWAY-SHIRT-4XL-PV,200,,continue,manual,184.00,234.00,78.78,TRUE,TRUE,,,,,,
bayern-munich-2025-26-home-shirt,Bayern Munich 2025/26 Home Shirt,"<p>The Bayern Munich 2025/26 home shirt. Available in fan and player versions, sizes S to 4XL.</p><p>Name and number printed to order (+₪39), adding two days to dispatch. Delivery is 12 to 25 days, tracked.</p>",Previous Season,Club Jersey,"Previous Season, 2025/26, Home, Bayern Munich, Bundesliga, Football, Soccer, Jersey",FALSE,Size,S,Version,Fan,BAYERN-MUNICH-2025-26-HOME-SHIRT-S-FAN,200,,continue,manual,129.00,169.00,66.66,TRUE,TRUE,https://raw.githubusercontent.com/OmarHawari2/kitverse-images/main/images/8d73b378.jpg,1,Bayern Munich 2025/26 Home Shirt,Bayern Munich 2025/26 Home Shirt,"Shop the Bayern Munich 2025/26 Home Shirt. Fan and player versions, sizes S-4XL, name and number printed to order.",draft
bayern-munich-2025-26-home-shirt,,,,,,,Size,S,Version,Player,BAYERN-MUNICH-2025-26-HOME-SHIRT-S-PV,200,,continue,manual,169.00,219.00,72.72,TRUE,TRUE,,,,,,
bayern-munich-2025-26-home-shirt,,,,,,,Size,M,Version,Fan,BAYERN-MUNICH-2025-26-HOME-SHIRT-M-FAN,200,,continue,manual,129.00,169.00,66.66,TRUE,TRUE,,,,,,
bayern-munich-2025-26-home-shirt,,,,,,,Size,M,Version,Player,BAYERN-MUNICH-2025-26-HOME-SHIRT-M-PV,200,,continue,manual,169.00,219.00,72.72,TRUE,TRUE,,,,,,
bayern-munich-2025-26-home-shirt,,,,,,,Size,L,Version,Fan,BAYERN-MUNICH-2025-26-HOME-SHIRT-L-FAN,200,,continue,manual,129.00,169.00,66.66,TRUE,TRUE,,,,,,
bayern-munich-2025-26-home-shirt,,,,,,,Size,L,Version,Player,BAYERN-MUNICH-2025-26-HOME-SHIRT-L-PV,200,,continue,manual,169.00,219.00,72.72,TRUE,TRUE,,,,,,
bayern-munich-2025-26-home-shirt,,,,,,,Size,XL,Version,Fan,BAYERN-MUNICH-2025-26-HOME-SHIRT-XL-FAN,200,,continue,manual,129.00,169.00,66.66,TRUE,TRUE,,,,,,
bayern-munich-2025-26-home-shirt,,,,,,,Size,XL,Version,Player,BAYERN-MUNICH-2025-26-HOME-SHIRT-XL-PV,200,,continue,manual,169.00,219.00,72.72,TRUE,TRUE,,,,,,
bayern-munich-2025-26-home-shirt,,,,,,,Size,XXL,Version,Fan,BAYERN-MUNICH-2025-26-HOME-SHIRT-XXL-FAN,200,,continue,manual,129.00,169.00,66.66,TRUE,TRUE,,,,,,
bayern-munich-2025-26-home-shirt,,,,,,,Size,XXL,Version,Player,BAYERN-MUNICH-2025-26-HOME-SHIRT-XXL-PV,200,,continue,manual,169.00,219.00,72.72,TRUE,TRUE,,,,,,
bayern-munich-2025-26-home-shirt,,,,,,,Size,3XL,Version,Fan,BAYERN-MUNICH-2025-26-HOME-SHIRT-3XL-FAN,200,,continue,manual,144.00,184.00,72.72,TRUE,TRUE,,,,,,
bayern-munich-2025-26-home-shirt,,,,,,,Size,3XL,Version,Player,BAYERN-MUNICH-2025-26-HOME-SHIRT-3XL-PV,200,,continue,manual,184.00,234.00,78.78,TRUE,TRUE,,,,,,
bayern-munich-2025-26-home-shirt,,,,,,,Size,4XL,Version,Fan,BAYERN-MUNICH-2025-26-HOME-SHIRT-4XL-FAN,200,,continue,manual,144.00,184.00,72.72,TRUE,TRUE,,,,,,
bayern-munich-2025-26-home-shirt,,,,,,,Size,4XL,Version,Player,BAYERN-MUNICH-2025-26-HOME-SHIRT-4XL-PV,200,,continue,manual,184.00,234.00,78.78,TRUE,TRUE,,,,,,
brazil-2025-26-home-shirt,Brazil 2025/26 Home Shirt,"<p>The Brazil 2025/26 home shirt. Available in fan and player versions, sizes S to 4XL.</p><p>Name and number printed to order (+₪39), adding two days to dispatch. Delivery is 12 to 25 days, tracked.</p>",National Teams,National Team Jersey,"National Teams, 2025/26, Home, Brazil, International, Football, Soccer, Jersey",FALSE,Size,S,Version,Fan,BRAZIL-2025-26-HOME-SHIRT-S-FAN,200,,continue,manual,169.00,,66.66,TRUE,TRUE,https://raw.githubusercontent.com/OmarHawari2/kitverse-images/main/images/28c50b69.jpg,1,Brazil 2025/26 Home Shirt,Brazil 2025/26 Home Shirt,"Shop the Brazil 2025/26 Home Shirt. Fan and player versions, sizes S-4XL, name and number printed to order.",draft
brazil-2025-26-home-shirt,,,,,,,Size,S,Version,Player,BRAZIL-2025-26-HOME-SHIRT-S-PV,200,,continue,manual,219.00,,72.72,TRUE,TRUE,,,,,,
brazil-2025-26-home-shirt,,,,,,,Size,M,Version,Fan,BRAZIL-2025-26-HOME-SHIRT-M-FAN,200,,continue,manual,169.00,,66.66,TRUE,TRUE,,,,,,
brazil-2025-26-home-shirt,,,,,,,Size,M,Version,Player,BRAZIL-2025-26-HOME-SHIRT-M-PV,200,,continue,manual,219.00,,72.72,TRUE,TRUE,,,,,,
brazil-2025-26-home-shirt,,,,,,,Size,L,Version,Fan,BRAZIL-2025-26-HOME-SHIRT-L-FAN,200,,continue,manual,169.00,,66.66,TRUE,TRUE,,,,,,
brazil-2025-26-home-shirt,,,,,,,Size,L,Version,Player,BRAZIL-2025-26-HOME-SHIRT-L-PV,200,,continue,manual,219.00,,72.72,TRUE,TRUE,,,,,,
brazil-2025-26-home-shirt,,,,,,,Size,XL,Version,Fan,BRAZIL-2025-26-HOME-SHIRT-XL-FAN,200,,continue,manual,169.00,,66.66,TRUE,TRUE,,,,,,
brazil-2025-26-home-shirt,,,,,,,Size,XL,Version,Player,BRAZIL-2025-26-HOME-SHIRT-XL-PV,200,,continue,manual,219.00,,72.72,TRUE,TRUE,,,,,,
brazil-2025-26-home-shirt,,,,,,,Size,XXL,Version,Fan,BRAZIL-2025-26-HOME-SHIRT-XXL-FAN,200,,continue,manual,169.00,,66.66,TRUE,TRUE,,,,,,
brazil-2025-26-home-shirt,,,,,,,Size,XXL,Version,Player,BRAZIL-2025-26-HOME-SHIRT-XXL-PV,200,,continue,manual,219.00,,72.72,TRUE,TRUE,,,,,,
brazil-2025-26-home-shirt,,,,,,,Size,3XL,Version,Fan,BRAZIL-2025-26-HOME-SHIRT-3XL-FAN,200,,continue,manual,184.00,,72.72,TRUE,TRUE,,,,,,
brazil-2025-26-home-shirt,,,,,,,Size,3XL,Version,Player,BRAZIL-2025-26-HOME-SHIRT-3XL-PV,200,,continue,manual,234.00,,78.78,TRUE,TRUE,,,,,,
brazil-2025-26-home-shirt,,,,,,,Size,4XL,Version,Fan,BRAZIL-2025-26-HOME-SHIRT-4XL-FAN,200,,continue,manual,184.00,,72.72,TRUE,TRUE,,,,,,
brazil-2025-26-home-shirt,,,,,,,Size,4XL,Version,Player,BRAZIL-2025-26-HOME-SHIRT-4XL-PV,200,,continue,manual,234.00,,78.78,TRUE,TRUE,,,,,,
brazil-2026-away-shirt,Brazil 2026 Away Shirt,"<p>The Brazil 2026 away shirt. Available in fan and player versions, sizes S to 4XL.</p><p>Name and number printed to order (+₪39), adding two days to dispatch. Delivery is 12 to 25 days, tracked.</p>",National Teams,National Team Jersey,"National Teams, 2026, Away, Brazil, International, Football, Soccer, Jersey",FALSE,Size,S,Version,Fan,BRAZIL-2026-AWAY-SHIRT-S-FAN,200,,continue,manual,169.00,,66.66,TRUE,TRUE,https://raw.githubusercontent.com/OmarHawari2/kitverse-images/main/images/452e231b.jpg,1,Brazil 2026 Away Shirt,Brazil 2026 Away Shirt,"Shop the Brazil 2026 Away Shirt. Fan and player versions, sizes S-4XL, name and number printed to order.",draft
brazil-2026-away-shirt,,,,,,,Size,S,Version,Player,BRAZIL-2026-AWAY-SHIRT-S-PV,200,,continue,manual,219.00,,72.72,TRUE,TRUE,,,,,,
brazil-2026-away-shirt,,,,,,,Size,M,Version,Fan,BRAZIL-2026-AWAY-SHIRT-M-FAN,200,,continue,manual,169.00,,66.66,TRUE,TRUE,,,,,,
brazil-2026-away-shirt,,,,,,,Size,M,Version,Player,BRAZIL-2026-AWAY-SHIRT-M-PV,200,,continue,manual,219.00,,72.72,TRUE,TRUE,,,,,,
brazil-2026-away-shirt,,,,,,,Size,L,Version,Fan,BRAZIL-2026-AWAY-SHIRT-L-FAN,200,,continue,manual,169.00,,66.66,TRUE,TRUE,,,,,,
brazil-2026-away-shirt,,,,,,,Size,L,Version,Player,BRAZIL-2026-AWAY-SHIRT-L-PV,200,,continue,manual,219.00,,72.72,TRUE,TRUE,,,,,,
brazil-2026-away-shirt,,,,,,,Size,XL,Version,Fan,BRAZIL-2026-AWAY-SHIRT-XL-FAN,200,,continue,manual,169.00,,66.66,TRUE,TRUE,,,,,,
brazil-2026-away-shirt,,,,,,,Size,XL,Version,Player,BRAZIL-2026-AWAY-SHIRT-XL-PV,200,,continue,manual,219.00,,72.72,TRUE,TRUE,,,,,,
brazil-2026-away-shirt,,,,,,,Size,XXL,Version,Fan,BRAZIL-2026-AWAY-SHIRT-XXL-FAN,200,,continue,manual,169.00,,66.66,TRUE,TRUE,,,,,,
brazil-2026-away-shirt,,,,,,,Size,XXL,Version,Player,BRAZIL-2026-AWAY-SHIRT-XXL-PV,200,,continue,manual,219.00,,72.72,TRUE,TRUE,,,,,,
brazil-2026-away-shirt,,,,,,,Size,3XL,Version,Fan,BRAZIL-2026-AWAY-SHIRT-3XL-FAN,200,,continue,manual,184.00,,72.72,TRUE,TRUE,,,,,,
brazil-2026-away-shirt,,,,,,,Size,3XL,Version,Player,BRAZIL-2026-AWAY-SHIRT-3XL-PV,200,,continue,manual,234.00,,78.78,TRUE,TRUE,,,,,,
brazil-2026-away-shirt,,,,,,,Size,4XL,Version,Fan,BRAZIL-2026-AWAY-SHIRT-4XL-FAN,200,,continue,manual,184.00,,72.72,TRUE,TRUE,,,,,,
brazil-2026-away-shirt,,,,,,,Size,4XL,Version,Player,BRAZIL-2026-AWAY-SHIRT-4XL-PV,200,,continue,manual,234.00,,78.78,TRUE,TRUE,,,,,,
brazil-2026-home-shirt,Brazil 2026 Home Shirt,"<p>The Brazil 2026 home shirt. Available in fan and player versions, sizes S to 4XL.</p><p>Name and number printed to order (+₪39), adding two days to dispatch. Delivery is 12 to 25 days, tracked.</p>",National Teams,National Team Jersey,"National Teams, 2026, Home, Brazil, International, Football, Soccer, Jersey",FALSE,Size,S,Version,Fan,BRAZIL-2026-HOME-SHIRT-S-FAN,200,,continue,manual,169.00,,66.66,TRUE,TRUE,https://raw.githubusercontent.com/OmarHawari2/kitverse-images/main/images/71566748.jpg,1,Brazil 2026 Home Shirt,Brazil 2026 Home Shirt,"Shop the Brazil 2026 Home Shirt. Fan and player versions, sizes S-4XL, name and number printed to order.",draft
brazil-2026-home-shirt,,,,,,,Size,S,Version,Player,BRAZIL-2026-HOME-SHIRT-S-PV,200,,continue,manual,219.00,,72.72,TRUE,TRUE,,,,,,
brazil-2026-home-shirt,,,,,,,Size,M,Version,Fan,BRAZIL-2026-HOME-SHIRT-M-FAN,200,,continue,manual,169.00,,66.66,TRUE,TRUE,,,,,,
brazil-2026-home-shirt,,,,,,,Size,M,Version,Player,BRAZIL-2026-HOME-SHIRT-M-PV,200,,continue,manual,219.00,,72.72,TRUE,TRUE,,,,,,
brazil-2026-home-shirt,,,,,,,Size,L,Version,Fan,BRAZIL-2026-HOME-SHIRT-L-FAN,200,,continue,manual,169.00,,66.66,TRUE,TRUE,,,,,,
brazil-2026-home-shirt,,,,,,,Size,L,Version,Player,BRAZIL-2026-HOME-SHIRT-L-PV,200,,continue,manual,219.00,,72.72,TRUE,TRUE,,,,,,
brazil-2026-home-shirt,,,,,,,Size,XL,Version,Fan,BRAZIL-2026-HOME-SHIRT-XL-FAN,200,,continue,manual,169.00,,66.66,TRUE,TRUE,,,,,,
brazil-2026-home-shirt,,,,,,,Size,XL,Version,Player,BRAZIL-2026-HOME-SHIRT-XL-PV,200,,continue,manual,219.00,,72.72,TRUE,TRUE,,,,,,
brazil-2026-home-shirt,,,,,,,Size,XXL,Version,Fan,BRAZIL-2026-HOME-SHIRT-XXL-FAN,200,,continue,manual,169.00,,66.66,TRUE,TRUE,,,,,,
brazil-2026-home-shirt,,,,,,,Size,XXL,Version,Player,BRAZIL-2026-HOME-SHIRT-XXL-PV,200,,continue,manual,219.00,,72.72,TRUE,TRUE,,,,,,
brazil-2026-home-shirt,,,,,,,Size,3XL,Version,Fan,BRAZIL-2026-HOME-SHIRT-3XL-FAN,200,,continue,manual,184.00,,72.72,TRUE,TRUE,,,,,,
brazil-2026-home-shirt,,,,,,,Size,3XL,Version,Player,BRAZIL-2026-HOME-SHIRT-3XL-PV,200,,continue,manual,234.00,,78.78,TRUE,TRUE,,,,,,
brazil-2026-home-shirt,,,,,,,Size,4XL,Version,Fan,BRAZIL-2026-HOME-SHIRT-4XL-FAN,200,,continue,manual,184.00,,72.72,TRUE,TRUE,,,,,,
brazil-2026-home-shirt,,,,,,,Size,4XL,Version,Player,BRAZIL-2026-HOME-SHIRT-4XL-PV,200,,continue,manual,234.00,,78.78,TRUE,TRUE,,,,,,
chelsea-2025-26-home-shirt,Chelsea 2025/26 Home Shirt,"<p>The Chelsea 2025/26 home shirt. Available in fan and player versions, sizes S to 4XL.</p><p>Name and number printed to order (+₪39), adding two days to dispatch. Delivery is 12 to 25 days, tracked.</p>",Previous Season,Club Jersey,"Previous Season, 2025/26, Home, Chelsea, Premier League, Football, Soccer, Jersey",FALSE,Size,S,Version,Fan,CHELSEA-2025-26-HOME-SHIRT-S-FAN,200,,continue,manual,129.00,169.00,66.66,TRUE,TRUE,https://raw.githubusercontent.com/OmarHawari2/kitverse-images/main/images/5213aeb8.jpg,1,Chelsea 2025/26 Home Shirt,Chelsea 2025/26 Home Shirt,"Shop the Chelsea 2025/26 Home Shirt. Fan and player versions, sizes S-4XL, name and number printed to order.",draft
chelsea-2025-26-home-shirt,,,,,,,Size,S,Version,Player,CHELSEA-2025-26-HOME-SHIRT-S-PV,200,,continue,manual,169.00,219.00,72.72,TRUE,TRUE,,,,,,
chelsea-2025-26-home-shirt,,,,,,,Size,M,Version,Fan,CHELSEA-2025-26-HOME-SHIRT-M-FAN,200,,continue,manual,129.00,169.00,66.66,TRUE,TRUE,,,,,,
chelsea-2025-26-home-shirt,,,,,,,Size,M,Version,Player,CHELSEA-2025-26-HOME-SHIRT-M-PV,200,,continue,manual,169.00,219.00,72.72,TRUE,TRUE,,,,,,
chelsea-2025-26-home-shirt,,,,,,,Size,L,Version,Fan,CHELSEA-2025-26-HOME-SHIRT-L-FAN,200,,continue,manual,129.00,169.00,66.66,TRUE,TRUE,,,,,,
chelsea-2025-26-home-shirt,,,,,,,Size,L,Version,Player,CHELSEA-2025-26-HOME-SHIRT-L-PV,200,,continue,manual,169.00,219.00,72.72,TRUE,TRUE,,,,,,
chelsea-2025-26-home-shirt,,,,,,,Size,XL,Version,Fan,CHELSEA-2025-26-HOME-SHIRT-XL-FAN,200,,continue,manual,129.00,169.00,66.66,TRUE,TRUE,,,,,,
chelsea-2025-26-home-shirt,,,,,,,Size,XL,Version,Player,CHELSEA-2025-26-HOME-SHIRT-XL-PV,200,,continue,manual,169.00,219.00,72.72,TRUE,TRUE,,,,,,
chelsea-2025-26-home-shirt,,,,,,,Size,XXL,Version,Fan,CHELSEA-2025-26-HOME-SHIRT-XXL-FAN,200,,continue,manual,129.00,169.00,66.66,TRUE,TRUE,,,,,,
chelsea-2025-26-home-shirt,,,,,,,Size,XXL,Version,Player,CHELSEA-2025-26-HOME-SHIRT-XXL-PV,200,,continue,manual,169.00,219.00,72.72,TRUE,TRUE,,,,,,
chelsea-2025-26-home-shirt,,,,,,,Size,3XL,Version,Fan,CHELSEA-2025-26-HOME-SHIRT-3XL-FAN,200,,continue,manual,144.00,184.00,72.72,TRUE,TRUE,,,,,,
chelsea-2025-26-home-shirt,,,,,,,Size,3XL,Version,Player,CHELSEA-2025-26-HOME-SHIRT-3XL-PV,200,,continue,manual,184.00,234.00,78.78,TRUE,TRUE,,,,,,
chelsea-2025-26-home-shirt,,,,,,,Size,4XL,Version,Fan,CHELSEA-2025-26-HOME-SHIRT-4XL-FAN,200,,continue,manual,144.00,184.00,72.72,TRUE,TRUE,,,,,,
chelsea-2025-26-home-shirt,,,,,,,Size,4XL,Version,Player,CHELSEA-2025-26-HOME-SHIRT-4XL-PV,200,,continue,manual,184.00,234.00,78.78,TRUE,TRUE,,,,,,
france-2026-home-shirt,France 2026 Home Shirt,"<p>The France 2026 home shirt. Available in fan and player versions, sizes S to 4XL.</p><p>Name and number printed to order (+₪39), adding two days to dispatch. Delivery is 12 to 25 days, tracked.</p>",National Teams,National Team Jersey,"National Teams, 2026, Home, France, International, Football, Soccer, Jersey",FALSE,Size,S,Version,Fan,FRANCE-2026-HOME-SHIRT-S-FAN,200,,continue,manual,169.00,,66.66,TRUE,TRUE,https://raw.githubusercontent.com/OmarHawari2/kitverse-images/main/images/96ff9dd2.jpg,1,France 2026 Home Shirt,France 2026 Home Shirt,"Shop the France 2026 Home Shirt. Fan and player versions, sizes S-4XL, name and number printed to order.",draft
france-2026-home-shirt,,,,,,,Size,S,Version,Player,FRANCE-2026-HOME-SHIRT-S-PV,200,,continue,manual,219.00,,72.72,TRUE,TRUE,,,,,,
france-2026-home-shirt,,,,,,,Size,M,Version,Fan,FRANCE-2026-HOME-SHIRT-M-FAN,200,,continue,manual,169.00,,66.66,TRUE,TRUE,,,,,,
france-2026-home-shirt,,,,,,,Size,M,Version,Player,FRANCE-2026-HOME-SHIRT-M-PV,200,,continue,manual,219.00,,72.72,TRUE,TRUE,,,,,,
france-2026-home-shirt,,,,,,,Size,L,Version,Fan,FRANCE-2026-HOME-SHIRT-L-FAN,200,,continue,manual,169.00,,66.66,TRUE,TRUE,,,,,,
france-2026-home-shirt,,,,,,,Size,L,Version,Player,FRANCE-2026-HOME-SHIRT-L-PV,200,,continue,manual,219.00,,72.72,TRUE,TRUE,,,,,,
france-2026-home-shirt,,,,,,,Size,XL,Version,Fan,FRANCE-2026-HOME-SHIRT-XL-FAN,200,,continue,manual,169.00,,66.66,TRUE,TRUE,,,,,,
france-2026-home-shirt,,,,,,,Size,XL,Version,Player,FRANCE-2026-HOME-SHIRT-XL-PV,200,,continue,manual,219.00,,72.72,TRUE,TRUE,,,,,,
france-2026-home-shirt,,,,,,,Size,XXL,Version,Fan,FRANCE-2026-HOME-SHIRT-XXL-FAN,200,,continue,manual,169.00,,66.66,TRUE,TRUE,,,,,,
france-2026-home-shirt,,,,,,,Size,XXL,Version,Player,FRANCE-2026-HOME-SHIRT-XXL-PV,200,,continue,manual,219.00,,72.72,TRUE,TRUE,,,,,,
france-2026-home-shirt,,,,,,,Size,3XL,Version,Fan,FRANCE-2026-HOME-SHIRT-3XL-FAN,200,,continue,manual,184.00,,72.72,TRUE,TRUE,,,,,,
france-2026-home-shirt,,,,,,,Size,3XL,Version,Player,FRANCE-2026-HOME-SHIRT-3XL-PV,200,,continue,manual,234.00,,78.78,TRUE,TRUE,,,,,,
france-2026-home-shirt,,,,,,,Size,4XL,Version,Fan,FRANCE-2026-HOME-SHIRT-4XL-FAN,200,,continue,manual,184.00,,72.72,TRUE,TRUE,,,,,,
france-2026-home-shirt,,,,,,,Size,4XL,Version,Player,FRANCE-2026-HOME-SHIRT-4XL-PV,200,,continue,manual,234.00,,78.78,TRUE,TRUE,,,,,,
germany-2026-27-away-shirt,Germany 2026/27 Away Shirt,"<p>The Germany 2026/27 away shirt. Available in fan and player versions, sizes S to 4XL.</p><p>Name and number printed to order (+₪39), adding two days to dispatch. Delivery is 12 to 25 days, tracked.</p>",National Teams,National Team Jersey,"National Teams, 2026/27, Away, Germany, International, Football, Soccer, Jersey",FALSE,Size,S,Version,Fan,GERMANY-2026-27-AWAY-SHIRT-S-FAN,200,,continue,manual,169.00,,66.66,TRUE,TRUE,https://raw.githubusercontent.com/OmarHawari2/kitverse-images/main/images/041f7e6d.jpg,1,Germany 2026/27 Away Shirt,Germany 2026/27 Away Shirt,"Shop the Germany 2026/27 Away Shirt. Fan and player versions, sizes S-4XL, name and number printed to order.",draft
germany-2026-27-away-shirt,,,,,,,Size,S,Version,Player,GERMANY-2026-27-AWAY-SHIRT-S-PV,200,,continue,manual,219.00,,72.72,TRUE,TRUE,,,,,,
germany-2026-27-away-shirt,,,,,,,Size,M,Version,Fan,GERMANY-2026-27-AWAY-SHIRT-M-FAN,200,,continue,manual,169.00,,66.66,TRUE,TRUE,,,,,,
germany-2026-27-away-shirt,,,,,,,Size,M,Version,Player,GERMANY-2026-27-AWAY-SHIRT-M-PV,200,,continue,manual,219.00,,72.72,TRUE,TRUE,,,,,,
germany-2026-27-away-shirt,,,,,,,Size,L,Version,Fan,GERMANY-2026-27-AWAY-SHIRT-L-FAN,200,,continue,manual,169.00,,66.66,TRUE,TRUE,,,,,,
germany-2026-27-away-shirt,,,,,,,Size,L,Version,Player,GERMANY-2026-27-AWAY-SHIRT-L-PV,200,,continue,manual,219.00,,72.72,TRUE,TRUE,,,,,,
germany-2026-27-away-shirt,,,,,,,Size,XL,Version,Fan,GERMANY-2026-27-AWAY-SHIRT-XL-FAN,200,,continue,manual,169.00,,66.66,TRUE,TRUE,,,,,,
germany-2026-27-away-shirt,,,,,,,Size,XL,Version,Player,GERMANY-2026-27-AWAY-SHIRT-XL-PV,200,,continue,manual,219.00,,72.72,TRUE,TRUE,,,,,,
germany-2026-27-away-shirt,,,,,,,Size,XXL,Version,Fan,GERMANY-2026-27-AWAY-SHIRT-XXL-FAN,200,,continue,manual,169.00,,66.66,TRUE,TRUE,,,,,,
germany-2026-27-away-shirt,,,,,,,Size,XXL,Version,Player,GERMANY-2026-27-AWAY-SHIRT-XXL-PV,200,,continue,manual,219.00,,72.72,TRUE,TRUE,,,,,,
germany-2026-27-away-shirt,,,,,,,Size,3XL,Version,Fan,GERMANY-2026-27-AWAY-SHIRT-3XL-FAN,200,,continue,manual,184.00,,72.72,TRUE,TRUE,,,,,,
germany-2026-27-away-shirt,,,,,,,Size,3XL,Version,Player,GERMANY-2026-27-AWAY-SHIRT-3XL-PV,200,,continue,manual,234.00,,78.78,TRUE,TRUE,,,,,,
germany-2026-27-away-shirt,,,,,,,Size,4XL,Version,Fan,GERMANY-2026-27-AWAY-SHIRT-4XL-FAN,200,,continue,manual,184.00,,72.72,TRUE,TRUE,,,,,,
germany-2026-27-away-shirt,,,,,,,Size,4XL,Version,Player,GERMANY-2026-27-AWAY-SHIRT-4XL-PV,200,,continue,manual,234.00,,78.78,TRUE,TRUE,,,,,,
japan-2025-26-home-shirt,Japan 2025/26 Home Shirt,"<p>The Japan 2025/26 home shirt. Available in fan and player versions, sizes S to 4XL.</p><p>Name and number printed to order (+₪39), adding two days to dispatch. Delivery is 12 to 25 days, tracked.</p>",National Teams,National Team Jersey,"National Teams, 2025/26, Home, Japan, International, Football, Soccer, Jersey",FALSE,Size,S,Version,Fan,JAPAN-2025-26-HOME-SHIRT-S-FAN,200,,continue,manual,169.00,,66.66,TRUE,TRUE,https://raw.githubusercontent.com/OmarHawari2/kitverse-images/main/images/866a85f6.jpg,1,Japan 2025/26 Home Shirt,Japan 2025/26 Home Shirt,"Shop the Japan 2025/26 Home Shirt. Fan and player versions, sizes S-4XL, name and number printed to order.",draft
japan-2025-26-home-shirt,,,,,,,Size,S,Version,Player,JAPAN-2025-26-HOME-SHIRT-S-PV,200,,continue,manual,219.00,,72.72,TRUE,TRUE,,,,,,
japan-2025-26-home-shirt,,,,,,,Size,M,Version,Fan,JAPAN-2025-26-HOME-SHIRT-M-FAN,200,,continue,manual,169.00,,66.66,TRUE,TRUE,,,,,,
japan-2025-26-home-shirt,,,,,,,Size,M,Version,Player,JAPAN-2025-26-HOME-SHIRT-M-PV,200,,continue,manual,219.00,,72.72,TRUE,TRUE,,,,,,
japan-2025-26-home-shirt,,,,,,,Size,L,Version,Fan,JAPAN-2025-26-HOME-SHIRT-L-FAN,200,,continue,manual,169.00,,66.66,TRUE,TRUE,,,,,,
japan-2025-26-home-shirt,,,,,,,Size,L,Version,Player,JAPAN-2025-26-HOME-SHIRT-L-PV,200,,continue,manual,219.00,,72.72,TRUE,TRUE,,,,,,
japan-2025-26-home-shirt,,,,,,,Size,XL,Version,Fan,JAPAN-2025-26-HOME-SHIRT-XL-FAN,200,,continue,manual,169.00,,66.66,TRUE,TRUE,,,,,,
japan-2025-26-home-shirt,,,,,,,Size,XL,Version,Player,JAPAN-2025-26-HOME-SHIRT-XL-PV,200,,continue,manual,219.00,,72.72,TRUE,TRUE,,,,,,
japan-2025-26-home-shirt,,,,,,,Size,XXL,Version,Fan,JAPAN-2025-26-HOME-SHIRT-XXL-FAN,200,,continue,manual,169.00,,66.66,TRUE,TRUE,,,,,,
japan-2025-26-home-shirt,,,,,,,Size,XXL,Version,Player,JAPAN-2025-26-HOME-SHIRT-XXL-PV,200,,continue,manual,219.00,,72.72,TRUE,TRUE,,,,,,
japan-2025-26-home-shirt,,,,,,,Size,3XL,Version,Fan,JAPAN-2025-26-HOME-SHIRT-3XL-FAN,200,,continue,manual,184.00,,72.72,TRUE,TRUE,,,,,,
japan-2025-26-home-shirt,,,,,,,Size,3XL,Version,Player,JAPAN-2025-26-HOME-SHIRT-3XL-PV,200,,continue,manual,234.00,,78.78,TRUE,TRUE,,,,,,
japan-2025-26-home-shirt,,,,,,,Size,4XL,Version,Fan,JAPAN-2025-26-HOME-SHIRT-4XL-FAN,200,,continue,manual,184.00,,72.72,TRUE,TRUE,,,,,,
japan-2025-26-home-shirt,,,,,,,Size,4XL,Version,Player,JAPAN-2025-26-HOME-SHIRT-4XL-PV,200,,continue,manual,234.00,,78.78,TRUE,TRUE,,,,,,
manchester-city-2025-26-away-shirt,Manchester City 2025/26 Away Shirt,"<p>The Manchester City 2025/26 away shirt. Available in fan and player versions, sizes S to 4XL.</p><p>Name and number printed to order (+₪39), adding two days to dispatch. Delivery is 12 to 25 days, tracked.</p>",Previous Season,Club Jersey,"Previous Season, 2025/26, Away, Manchester City, Premier League, Football, Soccer, Jersey",FALSE,Size,S,Version,Fan,MANCHESTER-CITY-2025-26-AWAY-SHIRT-S-FAN,200,,continue,manual,129.00,169.00,66.66,TRUE,TRUE,https://raw.githubusercontent.com/OmarHawari2/kitverse-images/main/images/dec5bf30.jpg,1,Manchester City 2025/26 Away Shirt,Manchester City 2025/26 Away Shirt,"Shop the Manchester City 2025/26 Away Shirt. Fan and player versions, sizes S-4XL, name and number printed to order.",draft
manchester-city-2025-26-away-shirt,,,,,,,Size,S,Version,Player,MANCHESTER-CITY-2025-26-AWAY-SHIRT-S-PV,200,,continue,manual,169.00,219.00,72.72,TRUE,TRUE,,,,,,
manchester-city-2025-26-away-shirt,,,,,,,Size,M,Version,Fan,MANCHESTER-CITY-2025-26-AWAY-SHIRT-M-FAN,200,,continue,manual,129.00,169.00,66.66,TRUE,TRUE,,,,,,
manchester-city-2025-26-away-shirt,,,,,,,Size,M,Version,Player,MANCHESTER-CITY-2025-26-AWAY-SHIRT-M-PV,200,,continue,manual,169.00,219.00,72.72,TRUE,TRUE,,,,,,
manchester-city-2025-26-away-shirt,,,,,,,Size,L,Version,Fan,MANCHESTER-CITY-2025-26-AWAY-SHIRT-L-FAN,200,,continue,manual,129.00,169.00,66.66,TRUE,TRUE,,,,,,
manchester-city-2025-26-away-shirt,,,,,,,Size,L,Version,Player,MANCHESTER-CITY-2025-26-AWAY-SHIRT-L-PV,200,,continue,manual,169.00,219.00,72.72,TRUE,TRUE,,,,,,
manchester-city-2025-26-away-shirt,,,,,,,Size,XL,Version,Fan,MANCHESTER-CITY-2025-26-AWAY-SHIRT-XL-FAN,200,,continue,manual,129.00,169.00,66.66,TRUE,TRUE,,,,,,
manchester-city-2025-26-away-shirt,,,,,,,Size,XL,Version,Player,MANCHESTER-CITY-2025-26-AWAY-SHIRT-XL-PV,200,,continue,manual,169.00,219.00,72.72,TRUE,TRUE,,,,,,
manchester-city-2025-26-away-shirt,,,,,,,Size,XXL,Version,Fan,MANCHESTER-CITY-2025-26-AWAY-SHIRT-XXL-FAN,200,,continue,manual,129.00,169.00,66.66,TRUE,TRUE,,,,,,
manchester-city-2025-26-away-shirt,,,,,,,Size,XXL,Version,Player,MANCHESTER-CITY-2025-26-AWAY-SHIRT-XXL-PV,200,,continue,manual,169.00,219.00,72.72,TRUE,TRUE,,,,,,
manchester-city-2025-26-away-shirt,,,,,,,Size,3XL,Version,Fan,MANCHESTER-CITY-2025-26-AWAY-SHIRT-3XL-FAN,200,,continue,manual,144.00,184.00,72.72,TRUE,TRUE,,,,,,
manchester-city-2025-26-away-shirt,,,,,,,Size,3XL,Version,Player,MANCHESTER-CITY-2025-26-AWAY-SHIRT-3XL-PV,200,,continue,manual,184.00,234.00,78.78,TRUE,TRUE,,,,,,
manchester-city-2025-26-away-shirt,,,,,,,Size,4XL,Version,Fan,MANCHESTER-CITY-2025-26-AWAY-SHIRT-4XL-FAN,200,,continue,manual,144.00,184.00,72.72,TRUE,TRUE,,,,,,
manchester-city-2025-26-away-shirt,,,,,,,Size,4XL,Version,Player,MANCHESTER-CITY-2025-26-AWAY-SHIRT-4XL-PV,200,,continue,manual,184.00,234.00,78.78,TRUE,TRUE,,,,,,
manchester-united-2025-26-home-shirt,Manchester United 2025/26 Home Shirt,"<p>The Manchester United 2025/26 home shirt. Available in fan and player versions, sizes S to 4XL.</p><p>Name and number printed to order (+₪39), adding two days to dispatch. Delivery is 12 to 25 days, tracked.</p>",Previous Season,Club Jersey,"Previous Season, 2025/26, Home, Manchester United, Premier League, Football, Soccer, Jersey",FALSE,Size,S,Version,Fan,MANCHESTER-UNITED-2025-26-HOME-SHIRT-S-FAN,200,,continue,manual,129.00,169.00,66.66,TRUE,TRUE,https://raw.githubusercontent.com/OmarHawari2/kitverse-images/main/images/237ef735.jpg,1,Manchester United 2025/26 Home Shirt,Manchester United 2025/26 Home Shirt,"Shop the Manchester United 2025/26 Home Shirt. Fan and player versions, sizes S-4XL, name and number printed to order.",draft
manchester-united-2025-26-home-shirt,,,,,,,Size,S,Version,Player,MANCHESTER-UNITED-2025-26-HOME-SHIRT-S-PV,200,,continue,manual,169.00,219.00,72.72,TRUE,TRUE,,,,,,
manchester-united-2025-26-home-shirt,,,,,,,Size,M,Version,Fan,MANCHESTER-UNITED-2025-26-HOME-SHIRT-M-FAN,200,,continue,manual,129.00,169.00,66.66,TRUE,TRUE,,,,,,
manchester-united-2025-26-home-shirt,,,,,,,Size,M,Version,Player,MANCHESTER-UNITED-2025-26-HOME-SHIRT-M-PV,200,,continue,manual,169.00,219.00,72.72,TRUE,TRUE,,,,,,
manchester-united-2025-26-home-shirt,,,,,,,Size,L,Version,Fan,MANCHESTER-UNITED-2025-26-HOME-SHIRT-L-FAN,200,,continue,manual,129.00,169.00,66.66,TRUE,TRUE,,,,,,
manchester-united-2025-26-home-shirt,,,,,,,Size,L,Version,Player,MANCHESTER-UNITED-2025-26-HOME-SHIRT-L-PV,200,,continue,manual,169.00,219.00,72.72,TRUE,TRUE,,,,,,
manchester-united-2025-26-home-shirt,,,,,,,Size,XL,Version,Fan,MANCHESTER-UNITED-2025-26-HOME-SHIRT-XL-FAN,200,,continue,manual,129.00,169.00,66.66,TRUE,TRUE,,,,,,
manchester-united-2025-26-home-shirt,,,,,,,Size,XL,Version,Player,MANCHESTER-UNITED-2025-26-HOME-SHIRT-XL-PV,200,,continue,manual,169.00,219.00,72.72,TRUE,TRUE,,,,,,
manchester-united-2025-26-home-shirt,,,,,,,Size,XXL,Version,Fan,MANCHESTER-UNITED-2025-26-HOME-SHIRT-XXL-FAN,200,,continue,manual,129.00,169.00,66.66,TRUE,TRUE,,,,,,
manchester-united-2025-26-home-shirt,,,,,,,Size,XXL,Version,Player,MANCHESTER-UNITED-2025-26-HOME-SHIRT-XXL-PV,200,,continue,manual,169.00,219.00,72.72,TRUE,TRUE,,,,,,
manchester-united-2025-26-home-shirt,,,,,,,Size,3XL,Version,Fan,MANCHESTER-UNITED-2025-26-HOME-SHIRT-3XL-FAN,200,,continue,manual,144.00,184.00,72.72,TRUE,TRUE,,,,,,
manchester-united-2025-26-home-shirt,,,,,,,Size,3XL,Version,Player,MANCHESTER-UNITED-2025-26-HOME-SHIRT-3XL-PV,200,,continue,manual,184.00,234.00,78.78,TRUE,TRUE,,,,,,
manchester-united-2025-26-home-shirt,,,,,,,Size,4XL,Version,Fan,MANCHESTER-UNITED-2025-26-HOME-SHIRT-4XL-FAN,200,,continue,manual,144.00,184.00,72.72,TRUE,TRUE,,,,,,
manchester-united-2025-26-home-shirt,,,,,,,Size,4XL,Version,Player,MANCHESTER-UNITED-2025-26-HOME-SHIRT-4XL-PV,200,,continue,manual,184.00,234.00,78.78,TRUE,TRUE,,,,,,
mexico-2026-home-shirt,Mexico 2026 Home Shirt,"<p>The Mexico 2026 home shirt. Available in fan and player versions, sizes S to 4XL.</p><p>Name and number printed to order (+₪39), adding two days to dispatch. Delivery is 12 to 25 days, tracked.</p>",National Teams,National Team Jersey,"National Teams, 2026, Home, Mexico, International, Football, Soccer, Jersey",FALSE,Size,S,Version,Fan,MEXICO-2026-HOME-SHIRT-S-FAN,200,,continue,manual,169.00,,66.66,TRUE,TRUE,https://raw.githubusercontent.com/OmarHawari2/kitverse-images/main/images/d145700e.jpg,1,Mexico 2026 Home Shirt,Mexico 2026 Home Shirt,"Shop the Mexico 2026 Home Shirt. Fan and player versions, sizes S-4XL, name and number printed to order.",draft
mexico-2026-home-shirt,,,,,,,Size,S,Version,Player,MEXICO-2026-HOME-SHIRT-S-PV,200,,continue,manual,219.00,,72.72,TRUE,TRUE,,,,,,
mexico-2026-home-shirt,,,,,,,Size,M,Version,Fan,MEXICO-2026-HOME-SHIRT-M-FAN,200,,continue,manual,169.00,,66.66,TRUE,TRUE,,,,,,
mexico-2026-home-shirt,,,,,,,Size,M,Version,Player,MEXICO-2026-HOME-SHIRT-M-PV,200,,continue,manual,219.00,,72.72,TRUE,TRUE,,,,,,
mexico-2026-home-shirt,,,,,,,Size,L,Version,Fan,MEXICO-2026-HOME-SHIRT-L-FAN,200,,continue,manual,169.00,,66.66,TRUE,TRUE,,,,,,
mexico-2026-home-shirt,,,,,,,Size,L,Version,Player,MEXICO-2026-HOME-SHIRT-L-PV,200,,continue,manual,219.00,,72.72,TRUE,TRUE,,,,,,
mexico-2026-home-shirt,,,,,,,Size,XL,Version,Fan,MEXICO-2026-HOME-SHIRT-XL-FAN,200,,continue,manual,169.00,,66.66,TRUE,TRUE,,,,,,
mexico-2026-home-shirt,,,,,,,Size,XL,Version,Player,MEXICO-2026-HOME-SHIRT-XL-PV,200,,continue,manual,219.00,,72.72,TRUE,TRUE,,,,,,
mexico-2026-home-shirt,,,,,,,Size,XXL,Version,Fan,MEXICO-2026-HOME-SHIRT-XXL-FAN,200,,continue,manual,169.00,,66.66,TRUE,TRUE,,,,,,
mexico-2026-home-shirt,,,,,,,Size,XXL,Version,Player,MEXICO-2026-HOME-SHIRT-XXL-PV,200,,continue,manual,219.00,,72.72,TRUE,TRUE,,,,,,
mexico-2026-home-shirt,,,,,,,Size,3XL,Version,Fan,MEXICO-2026-HOME-SHIRT-3XL-FAN,200,,continue,manual,184.00,,72.72,TRUE,TRUE,,,,,,
mexico-2026-home-shirt,,,,,,,Size,3XL,Version,Player,MEXICO-2026-HOME-SHIRT-3XL-PV,200,,continue,manual,234.00,,78.78,TRUE,TRUE,,,,,,
mexico-2026-home-shirt,,,,,,,Size,4XL,Version,Fan,MEXICO-2026-HOME-SHIRT-4XL-FAN,200,,continue,manual,184.00,,72.72,TRUE,TRUE,,,,,,
mexico-2026-home-shirt,,,,,,,Size,4XL,Version,Player,MEXICO-2026-HOME-SHIRT-4XL-PV,200,,continue,manual,234.00,,78.78,TRUE,TRUE,,,,,,
morocco-2026-away-shirt,Morocco 2026 Away Shirt,"<p>The Morocco 2026 away shirt. Available in fan and player versions, sizes S to 4XL.</p><p>Name and number printed to order (+₪39), adding two days to dispatch. Delivery is 12 to 25 days, tracked.</p>",National Teams,National Team Jersey,"National Teams, 2026, Away, Morocco, International, Football, Soccer, Jersey",FALSE,Size,S,Version,Fan,MOROCCO-2026-AWAY-SHIRT-S-FAN,200,,continue,manual,169.00,,66.66,TRUE,TRUE,https://raw.githubusercontent.com/OmarHawari2/kitverse-images/main/images/9a3962fe.jpg,1,Morocco 2026 Away Shirt,Morocco 2026 Away Shirt,"Shop the Morocco 2026 Away Shirt. Fan and player versions, sizes S-4XL, name and number printed to order.",draft
morocco-2026-away-shirt,,,,,,,Size,S,Version,Player,MOROCCO-2026-AWAY-SHIRT-S-PV,200,,continue,manual,219.00,,72.72,TRUE,TRUE,,,,,,
morocco-2026-away-shirt,,,,,,,Size,M,Version,Fan,MOROCCO-2026-AWAY-SHIRT-M-FAN,200,,continue,manual,169.00,,66.66,TRUE,TRUE,,,,,,
morocco-2026-away-shirt,,,,,,,Size,M,Version,Player,MOROCCO-2026-AWAY-SHIRT-M-PV,200,,continue,manual,219.00,,72.72,TRUE,TRUE,,,,,,
morocco-2026-away-shirt,,,,,,,Size,L,Version,Fan,MOROCCO-2026-AWAY-SHIRT-L-FAN,200,,continue,manual,169.00,,66.66,TRUE,TRUE,,,,,,
morocco-2026-away-shirt,,,,,,,Size,L,Version,Player,MOROCCO-2026-AWAY-SHIRT-L-PV,200,,continue,manual,219.00,,72.72,TRUE,TRUE,,,,,,
morocco-2026-away-shirt,,,,,,,Size,XL,Version,Fan,MOROCCO-2026-AWAY-SHIRT-XL-FAN,200,,continue,manual,169.00,,66.66,TRUE,TRUE,,,,,,
morocco-2026-away-shirt,,,,,,,Size,XL,Version,Player,MOROCCO-2026-AWAY-SHIRT-XL-PV,200,,continue,manual,219.00,,72.72,TRUE,TRUE,,,,,,
morocco-2026-away-shirt,,,,,,,Size,XXL,Version,Fan,MOROCCO-2026-AWAY-SHIRT-XXL-FAN,200,,continue,manual,169.00,,66.66,TRUE,TRUE,,,,,,
morocco-2026-away-shirt,,,,,,,Size,XXL,Version,Player,MOROCCO-2026-AWAY-SHIRT-XXL-PV,200,,continue,manual,219.00,,72.72,TRUE,TRUE,,,,,,
morocco-2026-away-shirt,,,,,,,Size,3XL,Version,Fan,MOROCCO-2026-AWAY-SHIRT-3XL-FAN,200,,continue,manual,184.00,,72.72,TRUE,TRUE,,,,,,
morocco-2026-away-shirt,,,,,,,Size,3XL,Version,Player,MOROCCO-2026-AWAY-SHIRT-3XL-PV,200,,continue,manual,234.00,,78.78,TRUE,TRUE,,,,,,
morocco-2026-away-shirt,,,,,,,Size,4XL,Version,Fan,MOROCCO-2026-AWAY-SHIRT-4XL-FAN,200,,continue,manual,184.00,,72.72,TRUE,TRUE,,,,,,
morocco-2026-away-shirt,,,,,,,Size,4XL,Version,Player,MOROCCO-2026-AWAY-SHIRT-4XL-PV,200,,continue,manual,234.00,,78.78,TRUE,TRUE,,,,,,
netherlands-2026-away-shirt,Netherlands 2026 Away Shirt,"<p>The Netherlands 2026 away shirt. Available in fan and player versions, sizes S to 4XL.</p><p>Name and number printed to order (+₪39), adding two days to dispatch. Delivery is 12 to 25 days, tracked.</p>",National Teams,National Team Jersey,"National Teams, 2026, Away, Netherlands, International, Football, Soccer, Jersey",FALSE,Size,S,Version,Fan,NETHERLANDS-2026-AWAY-SHIRT-S-FAN,200,,continue,manual,169.00,,66.66,TRUE,TRUE,https://raw.githubusercontent.com/OmarHawari2/kitverse-images/main/images/2b5b9bdf.jpg,1,Netherlands 2026 Away Shirt,Netherlands 2026 Away Shirt,"Shop the Netherlands 2026 Away Shirt. Fan and player versions, sizes S-4XL, name and number printed to order.",draft
netherlands-2026-away-shirt,,,,,,,Size,S,Version,Player,NETHERLANDS-2026-AWAY-SHIRT-S-PV,200,,continue,manual,219.00,,72.72,TRUE,TRUE,,,,,,
netherlands-2026-away-shirt,,,,,,,Size,M,Version,Fan,NETHERLANDS-2026-AWAY-SHIRT-M-FAN,200,,continue,manual,169.00,,66.66,TRUE,TRUE,,,,,,
netherlands-2026-away-shirt,,,,,,,Size,M,Version,Player,NETHERLANDS-2026-AWAY-SHIRT-M-PV,200,,continue,manual,219.00,,72.72,TRUE,TRUE,,,,,,
netherlands-2026-away-shirt,,,,,,,Size,L,Version,Fan,NETHERLANDS-2026-AWAY-SHIRT-L-FAN,200,,continue,manual,169.00,,66.66,TRUE,TRUE,,,,,,
netherlands-2026-away-shirt,,,,,,,Size,L,Version,Player,NETHERLANDS-2026-AWAY-SHIRT-L-PV,200,,continue,manual,219.00,,72.72,TRUE,TRUE,,,,,,
netherlands-2026-away-shirt,,,,,,,Size,XL,Version,Fan,NETHERLANDS-2026-AWAY-SHIRT-XL-FAN,200,,continue,manual,169.00,,66.66,TRUE,TRUE,,,,,,
netherlands-2026-away-shirt,,,,,,,Size,XL,Version,Player,NETHERLANDS-2026-AWAY-SHIRT-XL-PV,200,,continue,manual,219.00,,72.72,TRUE,TRUE,,,,,,
netherlands-2026-away-shirt,,,,,,,Size,XXL,Version,Fan,NETHERLANDS-2026-AWAY-SHIRT-XXL-FAN,200,,continue,manual,169.00,,66.66,TRUE,TRUE,,,,,,
netherlands-2026-away-shirt,,,,,,,Size,XXL,Version,Player,NETHERLANDS-2026-AWAY-SHIRT-XXL-PV,200,,continue,manual,219.00,,72.72,TRUE,TRUE,,,,,,
netherlands-2026-away-shirt,,,,,,,Size,3XL,Version,Fan,NETHERLANDS-2026-AWAY-SHIRT-3XL-FAN,200,,continue,manual,184.00,,72.72,TRUE,TRUE,,,,,,
netherlands-2026-away-shirt,,,,,,,Size,3XL,Version,Player,NETHERLANDS-2026-AWAY-SHIRT-3XL-PV,200,,continue,manual,234.00,,78.78,TRUE,TRUE,,,,,,
netherlands-2026-away-shirt,,,,,,,Size,4XL,Version,Fan,NETHERLANDS-2026-AWAY-SHIRT-4XL-FAN,200,,continue,manual,184.00,,72.72,TRUE,TRUE,,,,,,
netherlands-2026-away-shirt,,,,,,,Size,4XL,Version,Player,NETHERLANDS-2026-AWAY-SHIRT-4XL-PV,200,,continue,manual,234.00,,78.78,TRUE,TRUE,,,,,,
netherlands-2026-home-shirt,Netherlands 2026 Home Shirt,"<p>The Netherlands 2026 home shirt. Available in fan and player versions, sizes S to 4XL.</p><p>Name and number printed to order (+₪39), adding two days to dispatch. Delivery is 12 to 25 days, tracked.</p>",National Teams,National Team Jersey,"National Teams, 2026, Home, Netherlands, International, Football, Soccer, Jersey",FALSE,Size,S,Version,Fan,NETHERLANDS-2026-HOME-SHIRT-S-FAN,200,,continue,manual,169.00,,66.66,TRUE,TRUE,https://raw.githubusercontent.com/OmarHawari2/kitverse-images/main/images/e6731279.jpg,1,Netherlands 2026 Home Shirt,Netherlands 2026 Home Shirt,"Shop the Netherlands 2026 Home Shirt. Fan and player versions, sizes S-4XL, name and number printed to order.",draft
netherlands-2026-home-shirt,,,,,,,Size,S,Version,Player,NETHERLANDS-2026-HOME-SHIRT-S-PV,200,,continue,manual,219.00,,72.72,TRUE,TRUE,,,,,,
netherlands-2026-home-shirt,,,,,,,Size,M,Version,Fan,NETHERLANDS-2026-HOME-SHIRT-M-FAN,200,,continue,manual,169.00,,66.66,TRUE,TRUE,,,,,,
netherlands-2026-home-shirt,,,,,,,Size,M,Version,Player,NETHERLANDS-2026-HOME-SHIRT-M-PV,200,,continue,manual,219.00,,72.72,TRUE,TRUE,,,,,,
netherlands-2026-home-shirt,,,,,,,Size,L,Version,Fan,NETHERLANDS-2026-HOME-SHIRT-L-FAN,200,,continue,manual,169.00,,66.66,TRUE,TRUE,,,,,,
netherlands-2026-home-shirt,,,,,,,Size,L,Version,Player,NETHERLANDS-2026-HOME-SHIRT-L-PV,200,,continue,manual,219.00,,72.72,TRUE,TRUE,,,,,,
netherlands-2026-home-shirt,,,,,,,Size,XL,Version,Fan,NETHERLANDS-2026-HOME-SHIRT-XL-FAN,200,,continue,manual,169.00,,66.66,TRUE,TRUE,,,,,,
netherlands-2026-home-shirt,,,,,,,Size,XL,Version,Player,NETHERLANDS-2026-HOME-SHIRT-XL-PV,200,,continue,manual,219.00,,72.72,TRUE,TRUE,,,,,,
netherlands-2026-home-shirt,,,,,,,Size,XXL,Version,Fan,NETHERLANDS-2026-HOME-SHIRT-XXL-FAN,200,,continue,manual,169.00,,66.66,TRUE,TRUE,,,,,,
netherlands-2026-home-shirt,,,,,,,Size,XXL,Version,Player,NETHERLANDS-2026-HOME-SHIRT-XXL-PV,200,,continue,manual,219.00,,72.72,TRUE,TRUE,,,,,,
netherlands-2026-home-shirt,,,,,,,Size,3XL,Version,Fan,NETHERLANDS-2026-HOME-SHIRT-3XL-FAN,200,,continue,manual,184.00,,72.72,TRUE,TRUE,,,,,,
netherlands-2026-home-shirt,,,,,,,Size,3XL,Version,Player,NETHERLANDS-2026-HOME-SHIRT-3XL-PV,200,,continue,manual,234.00,,78.78,TRUE,TRUE,,,,,,
netherlands-2026-home-shirt,,,,,,,Size,4XL,Version,Fan,NETHERLANDS-2026-HOME-SHIRT-4XL-FAN,200,,continue,manual,184.00,,72.72,TRUE,TRUE,,,,,,
netherlands-2026-home-shirt,,,,,,,Size,4XL,Version,Player,NETHERLANDS-2026-HOME-SHIRT-4XL-PV,200,,continue,manual,234.00,,78.78,TRUE,TRUE,,,,,,
newcastle-united-2025-26-home-shirt,Newcastle United 2025/26 Home Shirt,"<p>The Newcastle United 2025/26 home shirt. Available in fan and player versions, sizes S to 4XL.</p><p>Name and number printed to order (+₪39), adding two days to dispatch. Delivery is 12 to 25 days, tracked.</p>",Previous Season,Club Jersey,"Previous Season, 2025/26, Home, Newcastle United, Football, Soccer, Jersey",FALSE,Size,S,Version,Fan,NEWCASTLE-UNITED-2025-26-HOME-SHIRT-S-FAN,200,,continue,manual,129.00,169.00,66.66,TRUE,TRUE,https://raw.githubusercontent.com/OmarHawari2/kitverse-images/main/images/50ccd8a2.jpg,1,Newcastle United 2025/26 Home Shirt,Newcastle United 2025/26 Home Shirt,"Shop the Newcastle United 2025/26 Home Shirt. Fan and player versions, sizes S-4XL, name and number printed to order.",draft
newcastle-united-2025-26-home-shirt,,,,,,,Size,S,Version,Player,NEWCASTLE-UNITED-2025-26-HOME-SHIRT-S-PV,200,,continue,manual,169.00,219.00,72.72,TRUE,TRUE,,,,,,
newcastle-united-2025-26-home-shirt,,,,,,,Size,M,Version,Fan,NEWCASTLE-UNITED-2025-26-HOME-SHIRT-M-FAN,200,,continue,manual,129.00,169.00,66.66,TRUE,TRUE,,,,,,
newcastle-united-2025-26-home-shirt,,,,,,,Size,M,Version,Player,NEWCASTLE-UNITED-2025-26-HOME-SHIRT-M-PV,200,,continue,manual,169.00,219.00,72.72,TRUE,TRUE,,,,,,
newcastle-united-2025-26-home-shirt,,,,,,,Size,L,Version,Fan,NEWCASTLE-UNITED-2025-26-HOME-SHIRT-L-FAN,200,,continue,manual,129.00,169.00,66.66,TRUE,TRUE,,,,,,
newcastle-united-2025-26-home-shirt,,,,,,,Size,L,Version,Player,NEWCASTLE-UNITED-2025-26-HOME-SHIRT-L-PV,200,,continue,manual,169.00,219.00,72.72,TRUE,TRUE,,,,,,
newcastle-united-2025-26-home-shirt,,,,,,,Size,XL,Version,Fan,NEWCASTLE-UNITED-2025-26-HOME-SHIRT-XL-FAN,200,,continue,manual,129.00,169.00,66.66,TRUE,TRUE,,,,,,
newcastle-united-2025-26-home-shirt,,,,,,,Size,XL,Version,Player,NEWCASTLE-UNITED-2025-26-HOME-SHIRT-XL-PV,200,,continue,manual,169.00,219.00,72.72,TRUE,TRUE,,,,,,
newcastle-united-2025-26-home-shirt,,,,,,,Size,XXL,Version,Fan,NEWCASTLE-UNITED-2025-26-HOME-SHIRT-XXL-FAN,200,,continue,manual,129.00,169.00,66.66,TRUE,TRUE,,,,,,
newcastle-united-2025-26-home-shirt,,,,,,,Size,XXL,Version,Player,NEWCASTLE-UNITED-2025-26-HOME-SHIRT-XXL-PV,200,,continue,manual,169.00,219.00,72.72,TRUE,TRUE,,,,,,
newcastle-united-2025-26-home-shirt,,,,,,,Size,3XL,Version,Fan,NEWCASTLE-UNITED-2025-26-HOME-SHIRT-3XL-FAN,200,,continue,manual,144.00,184.00,72.72,TRUE,TRUE,,,,,,
newcastle-united-2025-26-home-shirt,,,,,,,Size,3XL,Version,Player,NEWCASTLE-UNITED-2025-26-HOME-SHIRT-3XL-PV,200,,continue,manual,184.00,234.00,78.78,TRUE,TRUE,,,,,,
newcastle-united-2025-26-home-shirt,,,,,,,Size,4XL,Version,Fan,NEWCASTLE-UNITED-2025-26-HOME-SHIRT-4XL-FAN,200,,continue,manual,144.00,184.00,72.72,TRUE,TRUE,,,,,,
newcastle-united-2025-26-home-shirt,,,,,,,Size,4XL,Version,Player,NEWCASTLE-UNITED-2025-26-HOME-SHIRT-4XL-PV,200,,continue,manual,184.00,234.00,78.78,TRUE,TRUE,,,,,,
norway-2026-away-shirt,Norway 2026 Away Shirt,"<p>The Norway 2026 away shirt. Available in fan and player versions, sizes S to 4XL.</p><p>Name and number printed to order (+₪39), adding two days to dispatch. Delivery is 12 to 25 days, tracked.</p>",National Teams,National Team Jersey,"National Teams, 2026, Away, Norway, International, Football, Soccer, Jersey",FALSE,Size,S,Version,Fan,NORWAY-2026-AWAY-SHIRT-S-FAN,200,,continue,manual,169.00,,66.66,TRUE,TRUE,https://raw.githubusercontent.com/OmarHawari2/kitverse-images/main/images/e6f4287c.jpg,1,Norway 2026 Away Shirt,Norway 2026 Away Shirt,"Shop the Norway 2026 Away Shirt. Fan and player versions, sizes S-4XL, name and number printed to order.",draft
norway-2026-away-shirt,,,,,,,Size,S,Version,Player,NORWAY-2026-AWAY-SHIRT-S-PV,200,,continue,manual,219.00,,72.72,TRUE,TRUE,,,,,,
norway-2026-away-shirt,,,,,,,Size,M,Version,Fan,NORWAY-2026-AWAY-SHIRT-M-FAN,200,,continue,manual,169.00,,66.66,TRUE,TRUE,,,,,,
norway-2026-away-shirt,,,,,,,Size,M,Version,Player,NORWAY-2026-AWAY-SHIRT-M-PV,200,,continue,manual,219.00,,72.72,TRUE,TRUE,,,,,,
norway-2026-away-shirt,,,,,,,Size,L,Version,Fan,NORWAY-2026-AWAY-SHIRT-L-FAN,200,,continue,manual,169.00,,66.66,TRUE,TRUE,,,,,,
norway-2026-away-shirt,,,,,,,Size,L,Version,Player,NORWAY-2026-AWAY-SHIRT-L-PV,200,,continue,manual,219.00,,72.72,TRUE,TRUE,,,,,,
norway-2026-away-shirt,,,,,,,Size,XL,Version,Fan,NORWAY-2026-AWAY-SHIRT-XL-FAN,200,,continue,manual,169.00,,66.66,TRUE,TRUE,,,,,,
norway-2026-away-shirt,,,,,,,Size,XL,Version,Player,NORWAY-2026-AWAY-SHIRT-XL-PV,200,,continue,manual,219.00,,72.72,TRUE,TRUE,,,,,,
norway-2026-away-shirt,,,,,,,Size,XXL,Version,Fan,NORWAY-2026-AWAY-SHIRT-XXL-FAN,200,,continue,manual,169.00,,66.66,TRUE,TRUE,,,,,,
norway-2026-away-shirt,,,,,,,Size,XXL,Version,Player,NORWAY-2026-AWAY-SHIRT-XXL-PV,200,,continue,manual,219.00,,72.72,TRUE,TRUE,,,,,,
norway-2026-away-shirt,,,,,,,Size,3XL,Version,Fan,NORWAY-2026-AWAY-SHIRT-3XL-FAN,200,,continue,manual,184.00,,72.72,TRUE,TRUE,,,,,,
norway-2026-away-shirt,,,,,,,Size,3XL,Version,Player,NORWAY-2026-AWAY-SHIRT-3XL-PV,200,,continue,manual,234.00,,78.78,TRUE,TRUE,,,,,,
norway-2026-away-shirt,,,,,,,Size,4XL,Version,Fan,NORWAY-2026-AWAY-SHIRT-4XL-FAN,200,,continue,manual,184.00,,72.72,TRUE,TRUE,,,,,,
norway-2026-away-shirt,,,,,,,Size,4XL,Version,Player,NORWAY-2026-AWAY-SHIRT-4XL-PV,200,,continue,manual,234.00,,78.78,TRUE,TRUE,,,,,,
portugal-2026-home-shirt,Portugal 2026 Home Shirt,"<p>The Portugal 2026 home shirt. Available in fan and player versions, sizes S to 4XL.</p><p>Name and number printed to order (+₪39), adding two days to dispatch. Delivery is 12 to 25 days, tracked.</p>",National Teams,National Team Jersey,"National Teams, 2026, Home, Portugal, International, Football, Soccer, Jersey",FALSE,Size,S,Version,Fan,PORTUGAL-2026-HOME-SHIRT-S-FAN,200,,continue,manual,169.00,,66.66,TRUE,TRUE,https://raw.githubusercontent.com/OmarHawari2/kitverse-images/main/images/970881ed.jpg,1,Portugal 2026 Home Shirt,Portugal 2026 Home Shirt,"Shop the Portugal 2026 Home Shirt. Fan and player versions, sizes S-4XL, name and number printed to order.",draft
portugal-2026-home-shirt,,,,,,,Size,S,Version,Player,PORTUGAL-2026-HOME-SHIRT-S-PV,200,,continue,manual,219.00,,72.72,TRUE,TRUE,,,,,,
portugal-2026-home-shirt,,,,,,,Size,M,Version,Fan,PORTUGAL-2026-HOME-SHIRT-M-FAN,200,,continue,manual,169.00,,66.66,TRUE,TRUE,,,,,,
portugal-2026-home-shirt,,,,,,,Size,M,Version,Player,PORTUGAL-2026-HOME-SHIRT-M-PV,200,,continue,manual,219.00,,72.72,TRUE,TRUE,,,,,,
portugal-2026-home-shirt,,,,,,,Size,L,Version,Fan,PORTUGAL-2026-HOME-SHIRT-L-FAN,200,,continue,manual,169.00,,66.66,TRUE,TRUE,,,,,,
portugal-2026-home-shirt,,,,,,,Size,L,Version,Player,PORTUGAL-2026-HOME-SHIRT-L-PV,200,,continue,manual,219.00,,72.72,TRUE,TRUE,,,,,,
portugal-2026-home-shirt,,,,,,,Size,XL,Version,Fan,PORTUGAL-2026-HOME-SHIRT-XL-FAN,200,,continue,manual,169.00,,66.66,TRUE,TRUE,,,,,,
portugal-2026-home-shirt,,,,,,,Size,XL,Version,Player,PORTUGAL-2026-HOME-SHIRT-XL-PV,200,,continue,manual,219.00,,72.72,TRUE,TRUE,,,,,,
portugal-2026-home-shirt,,,,,,,Size,XXL,Version,Fan,PORTUGAL-2026-HOME-SHIRT-XXL-FAN,200,,continue,manual,169.00,,66.66,TRUE,TRUE,,,,,,
portugal-2026-home-shirt,,,,,,,Size,XXL,Version,Player,PORTUGAL-2026-HOME-SHIRT-XXL-PV,200,,continue,manual,219.00,,72.72,TRUE,TRUE,,,,,,
portugal-2026-home-shirt,,,,,,,Size,3XL,Version,Fan,PORTUGAL-2026-HOME-SHIRT-3XL-FAN,200,,continue,manual,184.00,,72.72,TRUE,TRUE,,,,,,
portugal-2026-home-shirt,,,,,,,Size,3XL,Version,Player,PORTUGAL-2026-HOME-SHIRT-3XL-PV,200,,continue,manual,234.00,,78.78,TRUE,TRUE,,,,,,
portugal-2026-home-shirt,,,,,,,Size,4XL,Version,Fan,PORTUGAL-2026-HOME-SHIRT-4XL-FAN,200,,continue,manual,184.00,,72.72,TRUE,TRUE,,,,,,
portugal-2026-home-shirt,,,,,,,Size,4XL,Version,Player,PORTUGAL-2026-HOME-SHIRT-4XL-PV,200,,continue,manual,234.00,,78.78,TRUE,TRUE,,,,,,
real-betis-2025-26-home-shirt,Real Betis 2025/26 Home Shirt,"<p>The Real Betis 2025/26 home shirt. Available in fan and player versions, sizes S to 4XL.</p><p>Name and number printed to order (+₪39), adding two days to dispatch. Delivery is 12 to 25 days, tracked.</p>",Previous Season,Club Jersey,"Previous Season, 2025/26, Home, Real Betis, La Liga, Football, Soccer, Jersey",FALSE,Size,S,Version,Fan,REAL-BETIS-2025-26-HOME-SHIRT-S-FAN,200,,continue,manual,129.00,169.00,66.66,TRUE,TRUE,https://raw.githubusercontent.com/OmarHawari2/kitverse-images/main/images/a8ac6060.jpg,1,Real Betis 2025/26 Home Shirt,Real Betis 2025/26 Home Shirt,"Shop the Real Betis 2025/26 Home Shirt. Fan and player versions, sizes S-4XL, name and number printed to order.",draft
real-betis-2025-26-home-shirt,,,,,,,Size,S,Version,Player,REAL-BETIS-2025-26-HOME-SHIRT-S-PV,200,,continue,manual,169.00,219.00,72.72,TRUE,TRUE,,,,,,
real-betis-2025-26-home-shirt,,,,,,,Size,M,Version,Fan,REAL-BETIS-2025-26-HOME-SHIRT-M-FAN,200,,continue,manual,129.00,169.00,66.66,TRUE,TRUE,,,,,,
real-betis-2025-26-home-shirt,,,,,,,Size,M,Version,Player,REAL-BETIS-2025-26-HOME-SHIRT-M-PV,200,,continue,manual,169.00,219.00,72.72,TRUE,TRUE,,,,,,
real-betis-2025-26-home-shirt,,,,,,,Size,L,Version,Fan,REAL-BETIS-2025-26-HOME-SHIRT-L-FAN,200,,continue,manual,129.00,169.00,66.66,TRUE,TRUE,,,,,,
real-betis-2025-26-home-shirt,,,,,,,Size,L,Version,Player,REAL-BETIS-2025-26-HOME-SHIRT-L-PV,200,,continue,manual,169.00,219.00,72.72,TRUE,TRUE,,,,,,
real-betis-2025-26-home-shirt,,,,,,,Size,XL,Version,Fan,REAL-BETIS-2025-26-HOME-SHIRT-XL-FAN,200,,continue,manual,129.00,169.00,66.66,TRUE,TRUE,,,,,,
real-betis-2025-26-home-shirt,,,,,,,Size,XL,Version,Player,REAL-BETIS-2025-26-HOME-SHIRT-XL-PV,200,,continue,manual,169.00,219.00,72.72,TRUE,TRUE,,,,,,
real-betis-2025-26-home-shirt,,,,,,,Size,XXL,Version,Fan,REAL-BETIS-2025-26-HOME-SHIRT-XXL-FAN,200,,continue,manual,129.00,169.00,66.66,TRUE,TRUE,,,,,,
real-betis-2025-26-home-shirt,,,,,,,Size,XXL,Version,Player,REAL-BETIS-2025-26-HOME-SHIRT-XXL-PV,200,,continue,manual,169.00,219.00,72.72,TRUE,TRUE,,,,,,
real-betis-2025-26-home-shirt,,,,,,,Size,3XL,Version,Fan,REAL-BETIS-2025-26-HOME-SHIRT-3XL-FAN,200,,continue,manual,144.00,184.00,72.72,TRUE,TRUE,,,,,,
real-betis-2025-26-home-shirt,,,,,,,Size,3XL,Version,Player,REAL-BETIS-2025-26-HOME-SHIRT-3XL-PV,200,,continue,manual,184.00,234.00,78.78,TRUE,TRUE,,,,,,
real-betis-2025-26-home-shirt,,,,,,,Size,4XL,Version,Fan,REAL-BETIS-2025-26-HOME-SHIRT-4XL-FAN,200,,continue,manual,144.00,184.00,72.72,TRUE,TRUE,,,,,,
real-betis-2025-26-home-shirt,,,,,,,Size,4XL,Version,Player,REAL-BETIS-2025-26-HOME-SHIRT-4XL-PV,200,,continue,manual,184.00,234.00,78.78,TRUE,TRUE,,,,,,
real-madrid-2025-26-away-shirt,Real Madrid 2025/26 Away Shirt,"<p>The Real Madrid 2025/26 away shirt. Available in fan and player versions, sizes S to 4XL.</p><p>Name and number printed to order (+₪39), adding two days to dispatch. Delivery is 12 to 25 days, tracked.</p>",Previous Season,Club Jersey,"Previous Season, 2025/26, Away, Real Madrid, La Liga, Football, Soccer, Jersey",FALSE,Size,S,Version,Fan,REAL-MADRID-2025-26-AWAY-SHIRT-S-FAN,200,,continue,manual,129.00,169.00,66.66,TRUE,TRUE,https://raw.githubusercontent.com/OmarHawari2/kitverse-images/main/images/8278bd6a.jpg,1,Real Madrid 2025/26 Away Shirt,Real Madrid 2025/26 Away Shirt,"Shop the Real Madrid 2025/26 Away Shirt. Fan and player versions, sizes S-4XL, name and number printed to order.",draft
real-madrid-2025-26-away-shirt,,,,,,,Size,S,Version,Player,REAL-MADRID-2025-26-AWAY-SHIRT-S-PV,200,,continue,manual,169.00,219.00,72.72,TRUE,TRUE,,,,,,
real-madrid-2025-26-away-shirt,,,,,,,Size,M,Version,Fan,REAL-MADRID-2025-26-AWAY-SHIRT-M-FAN,200,,continue,manual,129.00,169.00,66.66,TRUE,TRUE,,,,,,
real-madrid-2025-26-away-shirt,,,,,,,Size,M,Version,Player,REAL-MADRID-2025-26-AWAY-SHIRT-M-PV,200,,continue,manual,169.00,219.00,72.72,TRUE,TRUE,,,,,,
real-madrid-2025-26-away-shirt,,,,,,,Size,L,Version,Fan,REAL-MADRID-2025-26-AWAY-SHIRT-L-FAN,200,,continue,manual,129.00,169.00,66.66,TRUE,TRUE,,,,,,
real-madrid-2025-26-away-shirt,,,,,,,Size,L,Version,Player,REAL-MADRID-2025-26-AWAY-SHIRT-L-PV,200,,continue,manual,169.00,219.00,72.72,TRUE,TRUE,,,,,,
real-madrid-2025-26-away-shirt,,,,,,,Size,XL,Version,Fan,REAL-MADRID-2025-26-AWAY-SHIRT-XL-FAN,200,,continue,manual,129.00,169.00,66.66,TRUE,TRUE,,,,,,
real-madrid-2025-26-away-shirt,,,,,,,Size,XL,Version,Player,REAL-MADRID-2025-26-AWAY-SHIRT-XL-PV,200,,continue,manual,169.00,219.00,72.72,TRUE,TRUE,,,,,,
real-madrid-2025-26-away-shirt,,,,,,,Size,XXL,Version,Fan,REAL-MADRID-2025-26-AWAY-SHIRT-XXL-FAN,200,,continue,manual,129.00,169.00,66.66,TRUE,TRUE,,,,,,
real-madrid-2025-26-away-shirt,,,,,,,Size,XXL,Version,Player,REAL-MADRID-2025-26-AWAY-SHIRT-XXL-PV,200,,continue,manual,169.00,219.00,72.72,TRUE,TRUE,,,,,,
real-madrid-2025-26-away-shirt,,,,,,,Size,3XL,Version,Fan,REAL-MADRID-2025-26-AWAY-SHIRT-3XL-FAN,200,,continue,manual,144.00,184.00,72.72,TRUE,TRUE,,,,,,
real-madrid-2025-26-away-shirt,,,,,,,Size,3XL,Version,Player,REAL-MADRID-2025-26-AWAY-SHIRT-3XL-PV,200,,continue,manual,184.00,234.00,78.78,TRUE,TRUE,,,,,,
real-madrid-2025-26-away-shirt,,,,,,,Size,4XL,Version,Fan,REAL-MADRID-2025-26-AWAY-SHIRT-4XL-FAN,200,,continue,manual,144.00,184.00,72.72,TRUE,TRUE,,,,,,
real-madrid-2025-26-away-shirt,,,,,,,Size,4XL,Version,Player,REAL-MADRID-2025-26-AWAY-SHIRT-4XL-PV,200,,continue,manual,184.00,234.00,78.78,TRUE,TRUE,,,,,,
real-madrid-2025-26-home-shirt,Real Madrid 2025/26 Home Shirt,"<p>The Real Madrid 2025/26 home shirt. Available in fan and player versions, sizes S to 4XL.</p><p>Name and number printed to order (+₪39), adding two days to dispatch. Delivery is 12 to 25 days, tracked.</p>",Previous Season,Club Jersey,"Previous Season, 2025/26, Home, Real Madrid, La Liga, Football, Soccer, Jersey",FALSE,Size,S,Version,Fan,REAL-MADRID-2025-26-HOME-SHIRT-S-FAN,200,,continue,manual,129.00,169.00,66.66,TRUE,TRUE,https://raw.githubusercontent.com/OmarHawari2/kitverse-images/main/images/bcd2f696.jpg,1,Real Madrid 2025/26 Home Shirt,Real Madrid 2025/26 Home Shirt,"Shop the Real Madrid 2025/26 Home Shirt. Fan and player versions, sizes S-4XL, name and number printed to order.",draft
real-madrid-2025-26-home-shirt,,,,,,,Size,S,Version,Player,REAL-MADRID-2025-26-HOME-SHIRT-S-PV,200,,continue,manual,169.00,219.00,72.72,TRUE,TRUE,,,,,,
real-madrid-2025-26-home-shirt,,,,,,,Size,M,Version,Fan,REAL-MADRID-2025-26-HOME-SHIRT-M-FAN,200,,continue,manual,129.00,169.00,66.66,TRUE,TRUE,,,,,,
real-madrid-2025-26-home-shirt,,,,,,,Size,M,Version,Player,REAL-MADRID-2025-26-HOME-SHIRT-M-PV,200,,continue,manual,169.00,219.00,72.72,TRUE,TRUE,,,,,,
real-madrid-2025-26-home-shirt,,,,,,,Size,L,Version,Fan,REAL-MADRID-2025-26-HOME-SHIRT-L-FAN,200,,continue,manual,129.00,169.00,66.66,TRUE,TRUE,,,,,,
real-madrid-2025-26-home-shirt,,,,,,,Size,L,Version,Player,REAL-MADRID-2025-26-HOME-SHIRT-L-PV,200,,continue,manual,169.00,219.00,72.72,TRUE,TRUE,,,,,,
real-madrid-2025-26-home-shirt,,,,,,,Size,XL,Version,Fan,REAL-MADRID-2025-26-HOME-SHIRT-XL-FAN,200,,continue,manual,129.00,169.00,66.66,TRUE,TRUE,,,,,,
real-madrid-2025-26-home-shirt,,,,,,,Size,XL,Version,Player,REAL-MADRID-2025-26-HOME-SHIRT-XL-PV,200,,continue,manual,169.00,219.00,72.72,TRUE,TRUE,,,,,,
real-madrid-2025-26-home-shirt,,,,,,,Size,XXL,Version,Fan,REAL-MADRID-2025-26-HOME-SHIRT-XXL-FAN,200,,continue,manual,129.00,169.00,66.66,TRUE,TRUE,,,,,,
real-madrid-2025-26-home-shirt,,,,,,,Size,XXL,Version,Player,REAL-MADRID-2025-26-HOME-SHIRT-XXL-PV,200,,continue,manual,169.00,219.00,72.72,TRUE,TRUE,,,,,,
real-madrid-2025-26-home-shirt,,,,,,,Size,3XL,Version,Fan,REAL-MADRID-2025-26-HOME-SHIRT-3XL-FAN,200,,continue,manual,144.00,184.00,72.72,TRUE,TRUE,,,,,,
real-madrid-2025-26-home-shirt,,,,,,,Size,3XL,Version,Player,REAL-MADRID-2025-26-HOME-SHIRT-3XL-PV,200,,continue,manual,184.00,234.00,78.78,TRUE,TRUE,,,,,,
real-madrid-2025-26-home-shirt,,,,,,,Size,4XL,Version,Fan,REAL-MADRID-2025-26-HOME-SHIRT-4XL-FAN,200,,continue,manual,144.00,184.00,72.72,TRUE,TRUE,,,,,,
real-madrid-2025-26-home-shirt,,,,,,,Size,4XL,Version,Player,REAL-MADRID-2025-26-HOME-SHIRT-4XL-PV,200,,continue,manual,184.00,234.00,78.78,TRUE,TRUE,,,,,,
spain-2026-away-shirt,Spain 2026 Away Shirt,"<p>The Spain 2026 away shirt. Available in fan and player versions, sizes S to 4XL.</p><p>Name and number printed to order (+₪39), adding two days to dispatch. Delivery is 12 to 25 days, tracked.</p>",National Teams,National Team Jersey,"National Teams, 2026, Away, Spain, International, Football, Soccer, Jersey",FALSE,Size,S,Version,Fan,SPAIN-2026-AWAY-SHIRT-S-FAN,200,,continue,manual,169.00,,66.66,TRUE,TRUE,https://raw.githubusercontent.com/OmarHawari2/kitverse-images/main/images/e88a0e7e.jpg,1,Spain 2026 Away Shirt,Spain 2026 Away Shirt,"Shop the Spain 2026 Away Shirt. Fan and player versions, sizes S-4XL, name and number printed to order.",draft
spain-2026-away-shirt,,,,,,,Size,S,Version,Player,SPAIN-2026-AWAY-SHIRT-S-PV,200,,continue,manual,219.00,,72.72,TRUE,TRUE,,,,,,
spain-2026-away-shirt,,,,,,,Size,M,Version,Fan,SPAIN-2026-AWAY-SHIRT-M-FAN,200,,continue,manual,169.00,,66.66,TRUE,TRUE,,,,,,
spain-2026-away-shirt,,,,,,,Size,M,Version,Player,SPAIN-2026-AWAY-SHIRT-M-PV,200,,continue,manual,219.00,,72.72,TRUE,TRUE,,,,,,
spain-2026-away-shirt,,,,,,,Size,L,Version,Fan,SPAIN-2026-AWAY-SHIRT-L-FAN,200,,continue,manual,169.00,,66.66,TRUE,TRUE,,,,,,
spain-2026-away-shirt,,,,,,,Size,L,Version,Player,SPAIN-2026-AWAY-SHIRT-L-PV,200,,continue,manual,219.00,,72.72,TRUE,TRUE,,,,,,
spain-2026-away-shirt,,,,,,,Size,XL,Version,Fan,SPAIN-2026-AWAY-SHIRT-XL-FAN,200,,continue,manual,169.00,,66.66,TRUE,TRUE,,,,,,
spain-2026-away-shirt,,,,,,,Size,XL,Version,Player,SPAIN-2026-AWAY-SHIRT-XL-PV,200,,continue,manual,219.00,,72.72,TRUE,TRUE,,,,,,
spain-2026-away-shirt,,,,,,,Size,XXL,Version,Fan,SPAIN-2026-AWAY-SHIRT-XXL-FAN,200,,continue,manual,169.00,,66.66,TRUE,TRUE,,,,,,
spain-2026-away-shirt,,,,,,,Size,XXL,Version,Player,SPAIN-2026-AWAY-SHIRT-XXL-PV,200,,continue,manual,219.00,,72.72,TRUE,TRUE,,,,,,
spain-2026-away-shirt,,,,,,,Size,3XL,Version,Fan,SPAIN-2026-AWAY-SHIRT-3XL-FAN,200,,continue,manual,184.00,,72.72,TRUE,TRUE,,,,,,
spain-2026-away-shirt,,,,,,,Size,3XL,Version,Player,SPAIN-2026-AWAY-SHIRT-3XL-PV,200,,continue,manual,234.00,,78.78,TRUE,TRUE,,,,,,
spain-2026-away-shirt,,,,,,,Size,4XL,Version,Fan,SPAIN-2026-AWAY-SHIRT-4XL-FAN,200,,continue,manual,184.00,,72.72,TRUE,TRUE,,,,,,
spain-2026-away-shirt,,,,,,,Size,4XL,Version,Player,SPAIN-2026-AWAY-SHIRT-4XL-PV,200,,continue,manual,234.00,,78.78,TRUE,TRUE,,,,,,
spain-2026-home-shirt,Spain 2026 Home Shirt,"<p>The Spain 2026 home shirt. Available in fan and player versions, sizes S to 4XL.</p><p>Name and number printed to order (+₪39), adding two days to dispatch. Delivery is 12 to 25 days, tracked.</p>",National Teams,National Team Jersey,"National Teams, 2026, Home, Spain, International, Football, Soccer, Jersey",FALSE,Size,S,Version,Fan,SPAIN-2026-HOME-SHIRT-S-FAN,200,,continue,manual,169.00,,66.66,TRUE,TRUE,https://raw.githubusercontent.com/OmarHawari2/kitverse-images/main/images/383a5643.jpg,1,Spain 2026 Home Shirt,Spain 2026 Home Shirt,"Shop the Spain 2026 Home Shirt. Fan and player versions, sizes S-4XL, name and number printed to order.",draft
spain-2026-home-shirt,,,,,,,Size,S,Version,Player,SPAIN-2026-HOME-SHIRT-S-PV,200,,continue,manual,219.00,,72.72,TRUE,TRUE,,,,,,
spain-2026-home-shirt,,,,,,,Size,M,Version,Fan,SPAIN-2026-HOME-SHIRT-M-FAN,200,,continue,manual,169.00,,66.66,TRUE,TRUE,,,,,,
spain-2026-home-shirt,,,,,,,Size,M,Version,Player,SPAIN-2026-HOME-SHIRT-M-PV,200,,continue,manual,219.00,,72.72,TRUE,TRUE,,,,,,
spain-2026-home-shirt,,,,,,,Size,L,Version,Fan,SPAIN-2026-HOME-SHIRT-L-FAN,200,,continue,manual,169.00,,66.66,TRUE,TRUE,,,,,,
spain-2026-home-shirt,,,,,,,Size,L,Version,Player,SPAIN-2026-HOME-SHIRT-L-PV,200,,continue,manual,219.00,,72.72,TRUE,TRUE,,,,,,
spain-2026-home-shirt,,,,,,,Size,XL,Version,Fan,SPAIN-2026-HOME-SHIRT-XL-FAN,200,,continue,manual,169.00,,66.66,TRUE,TRUE,,,,,,
spain-2026-home-shirt,,,,,,,Size,XL,Version,Player,SPAIN-2026-HOME-SHIRT-XL-PV,200,,continue,manual,219.00,,72.72,TRUE,TRUE,,,,,,
spain-2026-home-shirt,,,,,,,Size,XXL,Version,Fan,SPAIN-2026-HOME-SHIRT-XXL-FAN,200,,continue,manual,169.00,,66.66,TRUE,TRUE,,,,,,
spain-2026-home-shirt,,,,,,,Size,XXL,Version,Player,SPAIN-2026-HOME-SHIRT-XXL-PV,200,,continue,manual,219.00,,72.72,TRUE,TRUE,,,,,,
spain-2026-home-shirt,,,,,,,Size,3XL,Version,Fan,SPAIN-2026-HOME-SHIRT-3XL-FAN,200,,continue,manual,184.00,,72.72,TRUE,TRUE,,,,,,
spain-2026-home-shirt,,,,,,,Size,3XL,Version,Player,SPAIN-2026-HOME-SHIRT-3XL-PV,200,,continue,manual,234.00,,78.78,TRUE,TRUE,,,,,,
spain-2026-home-shirt,,,,,,,Size,4XL,Version,Fan,SPAIN-2026-HOME-SHIRT-4XL-FAN,200,,continue,manual,184.00,,72.72,TRUE,TRUE,,,,,,
spain-2026-home-shirt,,,,,,,Size,4XL,Version,Player,SPAIN-2026-HOME-SHIRT-4XL-PV,200,,continue,manual,234.00,,78.78,TRUE,TRUE,,,,,,
united-states-2026-away-shirt,United States 2026 Away Shirt,"<p>The United States 2026 away shirt. Available in fan and player versions, sizes S to 4XL.</p><p>Name and number printed to order (+₪39), adding two days to dispatch. Delivery is 12 to 25 days, tracked.</p>",National Teams,National Team Jersey,"National Teams, 2026, Away, United States, International, Football, Soccer, Jersey",FALSE,Size,S,Version,Fan,UNITED-STATES-2026-AWAY-SHIRT-S-FAN,200,,continue,manual,169.00,,66.66,TRUE,TRUE,https://raw.githubusercontent.com/OmarHawari2/kitverse-images/main/images/890b6b1c.jpg,1,United States 2026 Away Shirt,United States 2026 Away Shirt,"Shop the United States 2026 Away Shirt. Fan and player versions, sizes S-4XL, name and number printed to order.",draft
united-states-2026-away-shirt,,,,,,,Size,S,Version,Player,UNITED-STATES-2026-AWAY-SHIRT-S-PV,200,,continue,manual,219.00,,72.72,TRUE,TRUE,,,,,,
united-states-2026-away-shirt,,,,,,,Size,M,Version,Fan,UNITED-STATES-2026-AWAY-SHIRT-M-FAN,200,,continue,manual,169.00,,66.66,TRUE,TRUE,,,,,,
united-states-2026-away-shirt,,,,,,,Size,M,Version,Player,UNITED-STATES-2026-AWAY-SHIRT-M-PV,200,,continue,manual,219.00,,72.72,TRUE,TRUE,,,,,,
united-states-2026-away-shirt,,,,,,,Size,L,Version,Fan,UNITED-STATES-2026-AWAY-SHIRT-L-FAN,200,,continue,manual,169.00,,66.66,TRUE,TRUE,,,,,,
united-states-2026-away-shirt,,,,,,,Size,L,Version,Player,UNITED-STATES-2026-AWAY-SHIRT-L-PV,200,,continue,manual,219.00,,72.72,TRUE,TRUE,,,,,,
united-states-2026-away-shirt,,,,,,,Size,XL,Version,Fan,UNITED-STATES-2026-AWAY-SHIRT-XL-FAN,200,,continue,manual,169.00,,66.66,TRUE,TRUE,,,,,,
united-states-2026-away-shirt,,,,,,,Size,XL,Version,Player,UNITED-STATES-2026-AWAY-SHIRT-XL-PV,200,,continue,manual,219.00,,72.72,TRUE,TRUE,,,,,,
united-states-2026-away-shirt,,,,,,,Size,XXL,Version,Fan,UNITED-STATES-2026-AWAY-SHIRT-XXL-FAN,200,,continue,manual,169.00,,66.66,TRUE,TRUE,,,,,,
united-states-2026-away-shirt,,,,,,,Size,XXL,Version,Player,UNITED-STATES-2026-AWAY-SHIRT-XXL-PV,200,,continue,manual,219.00,,72.72,TRUE,TRUE,,,,,,
united-states-2026-away-shirt,,,,,,,Size,3XL,Version,Fan,UNITED-STATES-2026-AWAY-SHIRT-3XL-FAN,200,,continue,manual,184.00,,72.72,TRUE,TRUE,,,,,,
united-states-2026-away-shirt,,,,,,,Size,3XL,Version,Player,UNITED-STATES-2026-AWAY-SHIRT-3XL-PV,200,,continue,manual,234.00,,78.78,TRUE,TRUE,,,,,,
united-states-2026-away-shirt,,,,,,,Size,4XL,Version,Fan,UNITED-STATES-2026-AWAY-SHIRT-4XL-FAN,200,,continue,manual,184.00,,72.72,TRUE,TRUE,,,,,,
united-states-2026-away-shirt,,,,,,,Size,4XL,Version,Player,UNITED-STATES-2026-AWAY-SHIRT-4XL-PV,200,,continue,manual,234.00,,78.78,TRUE,TRUE,,,,,,
