type,handle,field,english,arabic
product,1-fc-k-ln-2026-27-away-shirt,title,1. FC Köln 2026/27 Away Shirt,قميص كولن 2026/27 الاحتياطي
collection,,title,1. FC Köln,كولن
product,1-fc-union-berlin-2025-26-home-shirt,title,1. FC Union Berlin 2025/26 Home Shirt,قميص أونيون برلين 2025/26 الأساسي
collection,,title,1. FC Union Berlin,أونيون برلين
product,1-fc-union-berlin-2026-27-home-shirt,title,1. FC Union Berlin 2026/27 Home Shirt,قميص أونيون برلين 2026/27 الأساسي
product,ac-milan-2025-26-away-shirt,title,AC Milan 2025/26 Away Shirt,قميص ميلان 2025/26 الاحتياطي
collection,,title,AC Milan,ميلان
product,ac-milan-2025-26-home-shirt,title,AC Milan 2025/26 Home Shirt,قميص ميلان 2025/26 الأساسي
product,ac-milan-2025-26-third-shirt,title,AC Milan 2025/26 Third Shirt,قميص ميلان 2025/26 الثالث
product,ac-milan-2026-third-shirt,title,AC Milan 2026 Third Shirt,قميص ميلان 2026 الثالث
product,ac-milan-2026-27-home-shirt,title,AC Milan 2026/27 Home Shirt,قميص ميلان 2026/27 الأساسي
product,ac-milan-2026-27-third-shirt,title,AC Milan 2026/27 Third Shirt,قميص ميلان 2026/27 الثالث
product,alav-s-2026-27-third-shirt,title,Alavés 2026/27 Third Shirt,قميص ألافيس 2026/27 الثالث
collection,,title,Alavés,ألافيس
product,albania-2026-third-shirt,title,Albania 2026 Third Shirt,قميص ألبانيا 2026 الثالث
collection,,title,Albania,ألبانيا
product,algeria-2025-26-home-shirt,title,Algeria 2025/26 Home Shirt,قميص الجزائر 2025/26 الأساسي
collection,,title,Algeria,الجزائر
product,algeria-2026-away-shirt,title,Algeria 2026 Away Shirt,قميص الجزائر 2026 الاحتياطي
product,algeria-2026-home-shirt,title,Algeria 2026 Home Shirt,قميص الجزائر 2026 الأساسي
product,algeria-2026-27-home-shirt,title,Algeria 2026/27 Home Shirt,قميص الجزائر 2026/27 الأساسي
product,argentina-2025-26-home-shirt,title,Argentina 2025/26 Home Shirt,قميص الأرجنتين 2025/26 الأساسي
collection,,title,Argentina,الأرجنتين
product,argentina-2026-away-shirt,title,Argentina 2026 Away Shirt,قميص الأرجنتين 2026 الاحتياطي
product,argentina-2026-home-shirt,title,Argentina 2026 Home Shirt,قميص الأرجنتين 2026 الأساسي
product,argentina-2026-27-away-shirt,title,Argentina 2026/27 Away Shirt,قميص الأرجنتين 2026/27 الاحتياطي
product,argentina-2026-27-home-shirt,title,Argentina 2026/27 Home Shirt,قميص الأرجنتين 2026/27 الأساسي
product,armenia-2025-26-third-shirt,title,Armenia 2025/26 Third Shirt,قميص أرمينيا 2025/26 الثالث
collection,,title,Armenia,أرمينيا
product,arsenal-2025-26-away-shirt,title,Arsenal 2025/26 Away Shirt,قميص أرسنال 2025/26 الاحتياطي
collection,,title,Arsenal,أرسنال
product,arsenal-2025-26-home-shirt,title,Arsenal 2025/26 Home Shirt,قميص أرسنال 2025/26 الأساسي
product,arsenal-2025-26-third-shirt,title,Arsenal 2025/26 Third Shirt,قميص أرسنال 2025/26 الثالث
product,arsenal-2026-27-home-shirt,title,Arsenal 2026/27 Home Shirt,قميص أرسنال 2026/27 الأساسي
product,aston-villa-2025-26-third-shirt,title,Aston Villa 2025/26 Third Shirt,قميص أستون فيلا 2025/26 الثالث
collection,,title,Aston Villa,أستون فيلا
product,atalanta-2025-26-home-shirt,title,Atalanta 2025/26 Home Shirt,قميص أتالانتا 2025/26 الأساسي
collection,,title,Atalanta,أتالانتا
product,atalanta-2026-27-home-shirt,title,Atalanta 2026/27 Home Shirt,قميص أتالانتا 2026/27 الأساسي
product,athletic-bilbao-2026-27-third-shirt,title,Athletic Bilbao 2026/27 Third Shirt,قميص أتلتيك بلباو 2026/27 الثالث
collection,,title,Athletic Bilbao,أتلتيك بلباو
product,atl-tico-madrid-2025-26-home-shirt,title,Atlético Madrid 2025/26 Home Shirt,قميص أتلتيكو مدريد 2025/26 الأساسي
collection,,title,Atlético Madrid,أتلتيكو مدريد
product,atl-tico-madrid-2026-27-away-shirt,title,Atlético Madrid 2026/27 Away Shirt,قميص أتلتيكو مدريد 2026/27 الاحتياطي
product,atl-tico-madrid-2026-27-home-shirt,title,Atlético Madrid 2026/27 Home Shirt,قميص أتلتيكو مدريد 2026/27 الأساسي
product,australia-2025-26-home-shirt,title,Australia 2025/26 Home Shirt,قميص أستراليا 2025/26 الأساسي
collection,,title,Australia,أستراليا
product,australia-2026-home-shirt,title,Australia 2026 Home Shirt,قميص أستراليا 2026 الأساسي
product,australia-2026-27-away-shirt,title,Australia 2026/27 Away Shirt,قميص أستراليا 2026/27 الاحتياطي
product,australia-2026-27-home-shirt,title,Australia 2026/27 Home Shirt,قميص أستراليا 2026/27 الأساسي
product,austria-2026-27-away-shirt,title,Austria 2026/27 Away Shirt,قميص النمسا 2026/27 الاحتياطي
collection,,title,Austria,النمسا
product,barcelona-2025-26-away-shirt,title,Barcelona 2025/26 Away Shirt,قميص برشلونة 2025/26 الاحتياطي
collection,,title,Barcelona,برشلونة
product,barcelona-2025-26-home-shirt,title,Barcelona 2025/26 Home Shirt,قميص برشلونة 2025/26 الأساسي
product,barcelona-2026-27-away-shirt,title,Barcelona 2026/27 Away Shirt,قميص برشلونة 2026/27 الاحتياطي
product,barcelona-2026-27-home-shirt,title,Barcelona 2026/27 Home Shirt,قميص برشلونة 2026/27 الأساسي
product,bayern-munich-2025-26-away-shirt,title,Bayern Munich 2025/26 Away Shirt,قميص بايرن ميونخ 2025/26 الاحتياطي
collection,,title,Bayern Munich,بايرن ميونخ
product,bayern-munich-2025-26-home-shirt,title,Bayern Munich 2025/26 Home Shirt,قميص بايرن ميونخ 2025/26 الأساسي
product,bayern-munich-2026-27-away-shirt,title,Bayern Munich 2026/27 Away Shirt,قميص بايرن ميونخ 2026/27 الاحتياطي
product,belgium-2026-away-shirt,title,Belgium 2026 Away Shirt,قميص بلجيكا 2026 الاحتياطي
collection,,title,Belgium,بلجيكا
product,belgium-2026-home-shirt,title,Belgium 2026 Home Shirt,قميص بلجيكا 2026 الأساسي
product,belgium-2026-27-away-shirt,title,Belgium 2026/27 Away Shirt,قميص بلجيكا 2026/27 الاحتياطي
product,bolivia-2025-26-away-shirt,title,Bolivia 2025/26 Away Shirt,قميص بوليفيا 2025/26 الاحتياطي
collection,,title,Bolivia,بوليفيا
product,bolivia-2025-26-home-shirt,title,Bolivia 2025/26 Home Shirt,قميص بوليفيا 2025/26 الأساسي
product,borussia-dortmund-2025-26-home-shirt,title,Borussia Dortmund 2025/26 Home Shirt,قميص بوروسيا دورتموند 2025/26 الأساسي
collection,,title,Borussia Dortmund,بوروسيا دورتموند
product,borussia-dortmund-2026-27-away-shirt,title,Borussia Dortmund 2026/27 Away Shirt,قميص بوروسيا دورتموند 2026/27 الاحتياطي
product,borussia-m-nchengladbach-2025-26-home-shirt,title,Borussia Mönchengladbach 2025/26 Home Shirt,قميص بوروسيا مونشنغلادباخ 2025/26 الأساسي
collection,,title,Borussia Mönchengladbach,بوروسيا مونشنغلادباخ
product,bosnia-and-herzegovina-2026-27-away-shirt,title,Bosnia and Herzegovina 2026/27 Away Shirt,قميص البوسنة والهرسك 2026/27 الاحتياطي
collection,,title,Bosnia and Herzegovina,البوسنة والهرسك
product,bosnia-and-herzegovina-2026-27-home-shirt,title,Bosnia and Herzegovina 2026/27 Home Shirt,قميص البوسنة والهرسك 2026/27 الأساسي
product,brazil-2025-26-away-shirt,title,Brazil 2025/26 Away Shirt,قميص البرازيل 2025/26 الاحتياطي
collection,,title,Brazil,البرازيل
product,brazil-2025-26-home-shirt,title,Brazil 2025/26 Home Shirt,قميص البرازيل 2025/26 الأساسي
product,brazil-2026-away-shirt,title,Brazil 2026 Away Shirt,قميص البرازيل 2026 الاحتياطي
product,brazil-2026-home-shirt,title,Brazil 2026 Home Shirt,قميص البرازيل 2026 الأساسي
product,brazil-2026-27-away-shirt,title,Brazil 2026/27 Away Shirt,قميص البرازيل 2026/27 الاحتياطي
product,brazil-2026-27-home-shirt,title,Brazil 2026/27 Home Shirt,قميص البرازيل 2026/27 الأساسي
product,brentford-2026-27-home-shirt,title,Brentford 2026/27 Home Shirt,قميص برينتفورد 2026/27 الأساسي
collection,,title,Brentford,برينتفورد
product,brighton-hove-albion-2026-27-away-shirt,title,Brighton Hove Albion 2026/27 Away Shirt,قميص برايتون 2026/27 الاحتياطي
collection,,title,Brighton Hove Albion,برايتون
product,burnley-2026-27-home-shirt,title,Burnley 2026/27 Home Shirt,قميص بيرنلي 2026/27 الأساسي
collection,,title,Burnley,بيرنلي
product,cagliari-2026-27-away-shirt,title,Cagliari 2026/27 Away Shirt,قميص كالياري 2026/27 الاحتياطي
collection,,title,Cagliari,كالياري
product,cameroon-2025-26-away-shirt,title,Cameroon 2025/26 Away Shirt,قميص الكاميرون 2025/26 الاحتياطي
collection,,title,Cameroon,الكاميرون
product,cameroon-2025-26-home-shirt,title,Cameroon 2025/26 Home Shirt,قميص الكاميرون 2025/26 الأساسي
product,cameroon-2025-26-third-shirt,title,Cameroon 2025/26 Third Shirt,قميص الكاميرون 2025/26 الثالث
product,canada-2026-home-shirt,title,Canada 2026 Home Shirt,قميص كندا 2026 الأساسي
collection,,title,Canada,كندا
product,canada-2026-27-away-shirt,title,Canada 2026/27 Away Shirt,قميص كندا 2026/27 الاحتياطي
product,celta-vigo-2025-26-home-shirt,title,Celta Vigo 2025/26 Home Shirt,قميص سيلتا فيغو 2025/26 الأساسي
collection,,title,Celta Vigo,سيلتا فيغو
product,celta-vigo-2026-27-away-shirt,title,Celta Vigo 2026/27 Away Shirt,قميص سيلتا فيغو 2026/27 الاحتياطي
product,celta-vigo-2026-27-home-shirt,title,Celta Vigo 2026/27 Home Shirt,قميص سيلتا فيغو 2026/27 الأساسي
product,celta-vigo-2026-27-third-shirt,title,Celta Vigo 2026/27 Third Shirt,قميص سيلتا فيغو 2026/27 الثالث
product,chelsea-2025-26-away-shirt,title,Chelsea 2025/26 Away Shirt,قميص تشيلسي 2025/26 الاحتياطي
collection,,title,Chelsea,تشيلسي
product,chelsea-2025-26-home-shirt,title,Chelsea 2025/26 Home Shirt,قميص تشيلسي 2025/26 الأساسي
product,chelsea-2026-27-home-shirt,title,Chelsea 2026/27 Home Shirt,قميص تشيلسي 2026/27 الأساسي
product,chelsea-2026-27-third-shirt,title,Chelsea 2026/27 Third Shirt,قميص تشيلسي 2026/27 الثالث
product,chile-2025-26-home-shirt,title,Chile 2025/26 Home Shirt,قميص تشيلي 2025/26 الأساسي
collection,,title,Chile,تشيلي
product,chile-2026-27-away-shirt,title,Chile 2026/27 Away Shirt,قميص تشيلي 2026/27 الاحتياطي
product,colombia-2025-26-home-shirt,title,Colombia 2025/26 Home Shirt,قميص كولومبيا 2025/26 الأساسي
collection,,title,Colombia,كولومبيا
product,colombia-2026-away-shirt,title,Colombia 2026 Away Shirt,قميص كولومبيا 2026 الاحتياطي
product,colombia-2026-home-shirt,title,Colombia 2026 Home Shirt,قميص كولومبيا 2026 الأساسي
product,colombia-2026-27-away-shirt,title,Colombia 2026/27 Away Shirt,قميص كولومبيا 2026/27 الاحتياطي
product,como-2026-27-home-shirt,title,Como 2026/27 Home Shirt,قميص كومو 2026/27 الأساسي
collection,,title,Como,كومو
product,congo-2026-27-home-shirt,title,Congo 2026/27 Home Shirt,قميص الكونغو 2026/27 الأساسي
collection,,title,Congo,الكونغو
product,croatia-2026-away-shirt,title,Croatia 2026 Away Shirt,قميص كرواتيا 2026 الاحتياطي
collection,,title,Croatia,كرواتيا
product,croatia-2026-home-shirt,title,Croatia 2026 Home Shirt,قميص كرواتيا 2026 الأساسي
product,croatia-2026-27-away-shirt,title,Croatia 2026/27 Away Shirt,قميص كرواتيا 2026/27 الاحتياطي
product,croatia-2026-27-home-shirt,title,Croatia 2026/27 Home Shirt,قميص كرواتيا 2026/27 الأساسي
product,curacao-2026-away-shirt,title,Curacao 2026 Away Shirt,قميص كوراساو 2026 الاحتياطي
collection,,title,Curacao,كوراساو
product,curacao-2026-27-home-shirt,title,Curacao 2026/27 Home Shirt,قميص كوراساو 2026/27 الأساسي
product,czech-republic-2026-home-shirt,title,Czech Republic 2026 Home Shirt,قميص التشيك 2026 الأساسي
collection,,title,Czech Republic,التشيك
product,ecuador-2025-26-away-shirt,title,Ecuador 2025/26 Away Shirt,قميص الإكوادور 2025/26 الاحتياطي
collection,,title,Ecuador,الإكوادور
product,ecuador-2025-26-home-shirt,title,Ecuador 2025/26 Home Shirt,قميص الإكوادور 2025/26 الأساسي
product,ecuador-2026-away-shirt,title,Ecuador 2026 Away Shirt,قميص الإكوادور 2026 الاحتياطي
product,ecuador-2026-home-shirt,title,Ecuador 2026 Home Shirt,قميص الإكوادور 2026 الأساسي
product,ecuador-2026-third-shirt,title,Ecuador 2026 Third Shirt,قميص الإكوادور 2026 الثالث
product,egypt-2025-26-home-shirt,title,Egypt 2025/26 Home Shirt,قميص مصر 2025/26 الأساسي
collection,,title,Egypt,مصر
product,egypt-2026-away-shirt,title,Egypt 2026 Away Shirt,قميص مصر 2026 الاحتياطي
product,egypt-2026-27-home-shirt,title,Egypt 2026/27 Home Shirt,قميص مصر 2026/27 الأساسي
product,eintracht-frankfurt-2025-26-home-shirt,title,Eintracht Frankfurt 2025/26 Home Shirt,قميص آينتراخت فرانكفورت 2025/26 الأساسي
collection,,title,Eintracht Frankfurt,آينتراخت فرانكفورت
product,eintracht-frankfurt-2026-27-away-shirt,title,Eintracht Frankfurt 2026/27 Away Shirt,قميص آينتراخت فرانكفورت 2026/27 الاحتياطي
product,el-salvador-2025-26-away-shirt,title,El Salvador 2025/26 Away Shirt,قميص السلفادور 2025/26 الاحتياطي
collection,,title,El Salvador,السلفادور
product,el-salvador-2025-26-home-shirt,title,El Salvador 2025/26 Home Shirt,قميص السلفادور 2025/26 الأساسي
product,england-2025-26-away-shirt,title,England 2025/26 Away Shirt,قميص إنجلترا 2025/26 الاحتياطي
collection,,title,England,إنجلترا
product,england-2025-26-home-shirt,title,England 2025/26 Home Shirt,قميص إنجلترا 2025/26 الأساسي
product,england-2026-home-shirt,title,England 2026 Home Shirt,قميص إنجلترا 2026 الأساسي
product,england-2026-27-away-shirt,title,England 2026/27 Away Shirt,قميص إنجلترا 2026/27 الاحتياطي
product,england-2026-27-home-shirt,title,England 2026/27 Home Shirt,قميص إنجلترا 2026/27 الأساسي
product,espanyol-2026-27-home-shirt,title,Espanyol 2026/27 Home Shirt,قميص إسبانيول 2026/27 الأساسي
collection,,title,Espanyol,إسبانيول
product,everton-2026-27-away-shirt,title,Everton 2026/27 Away Shirt,قميص إيفرتون 2026/27 الاحتياطي
collection,,title,Everton,إيفرتون
product,everton-2026-27-home-shirt,title,Everton 2026/27 Home Shirt,قميص إيفرتون 2026/27 الأساسي
product,fc-st-pauli-2026-27-away-shirt,title,FC St. Pauli 2026/27 Away Shirt,قميص سانت باولي 2026/27 الاحتياطي
collection,,title,FC St. Pauli,سانت باولي
product,fc-st-pauli-2026-27-home-shirt,title,FC St. Pauli 2026/27 Home Shirt,قميص سانت باولي 2026/27 الأساسي
product,finland-2026-27-away-shirt,title,Finland 2026/27 Away Shirt,قميص فنلندا 2026/27 الاحتياطي
collection,,title,Finland,فنلندا
product,finland-2026-27-home-shirt,title,Finland 2026/27 Home Shirt,قميص فنلندا 2026/27 الأساسي
product,fiorentina-2026-27-home-shirt,title,Fiorentina 2026/27 Home Shirt,قميص فيورنتينا 2026/27 الأساسي
collection,,title,Fiorentina,فيورنتينا
product,france-2025-26-away-shirt,title,France 2025/26 Away Shirt,قميص فرنسا 2025/26 الاحتياطي
collection,,title,France,فرنسا
product,france-2026-away-shirt,title,France 2026 Away Shirt,قميص فرنسا 2026 الاحتياطي
product,france-2026-home-shirt,title,France 2026 Home Shirt,قميص فرنسا 2026 الأساسي
product,france-2026-27-away-shirt,title,France 2026/27 Away Shirt,قميص فرنسا 2026/27 الاحتياطي
product,france-2026-27-home-shirt,title,France 2026/27 Home Shirt,قميص فرنسا 2026/27 الأساسي
product,fulham-2026-27-home-shirt,title,Fulham 2026/27 Home Shirt,قميص فولهام 2026/27 الأساسي
collection,,title,Fulham,فولهام
product,germany-2025-26-home-shirt,title,Germany 2025/26 Home Shirt,قميص ألمانيا 2025/26 الأساسي
collection,,title,Germany,ألمانيا
product,germany-2026-away-shirt,title,Germany 2026 Away Shirt,قميص ألمانيا 2026 الاحتياطي
product,germany-2026-home-shirt,title,Germany 2026 Home Shirt,قميص ألمانيا 2026 الأساسي
product,germany-2026-27-away-shirt,title,Germany 2026/27 Away Shirt,قميص ألمانيا 2026/27 الاحتياطي
product,germany-2026-27-home-shirt,title,Germany 2026/27 Home Shirt,قميص ألمانيا 2026/27 الأساسي
product,germany-2026-27-third-shirt,title,Germany 2026/27 Third Shirt,قميص ألمانيا 2026/27 الثالث
product,getafe-2026-27-away-shirt,title,Getafe 2026/27 Away Shirt,قميص خيتافي 2026/27 الاحتياطي
collection,,title,Getafe,خيتافي
product,ghana-2025-26-away-shirt,title,Ghana 2025/26 Away Shirt,قميص غانا 2025/26 الاحتياطي
collection,,title,Ghana,غانا
product,ghana-2025-26-home-shirt,title,Ghana 2025/26 Home Shirt,قميص غانا 2025/26 الأساسي
product,ghana-2026-away-shirt,title,Ghana 2026 Away Shirt,قميص غانا 2026 الاحتياطي
product,ghana-2026-home-shirt,title,Ghana 2026 Home Shirt,قميص غانا 2026 الأساسي
product,guatemala-2025-26-away-shirt,title,Guatemala 2025/26 Away Shirt,قميص غواتيمالا 2025/26 الاحتياطي
collection,,title,Guatemala,غواتيمالا
product,guatemala-2026-27-home-shirt,title,Guatemala 2026/27 Home Shirt,قميص غواتيمالا 2026/27 الأساسي
product,haiti-2026-away-shirt,title,Haiti 2026 Away Shirt,قميص هايتي 2026 الاحتياطي
collection,,title,Haiti,هايتي
product,haiti-2026-home-shirt,title,Haiti 2026 Home Shirt,قميص هايتي 2026 الأساسي
product,haiti-2026-third-shirt,title,Haiti 2026 Third Shirt,قميص هايتي 2026 الثالث
product,haiti-2026-27-away-shirt,title,Haiti 2026/27 Away Shirt,قميص هايتي 2026/27 الاحتياطي
product,haiti-2026-27-home-shirt,title,Haiti 2026/27 Home Shirt,قميص هايتي 2026/27 الأساسي
product,hamburger-sv-2025-26-away-shirt,title,Hamburger SV 2025/26 Away Shirt,قميص هامبورغ 2025/26 الاحتياطي
collection,,title,Hamburger SV,هامبورغ
product,hellas-verona-2025-26-home-shirt,title,Hellas Verona 2025/26 Home Shirt,قميص هيلاس فيرونا 2025/26 الأساسي
collection,,title,Hellas Verona,هيلاس فيرونا
product,honduras-2026-27-away-shirt,title,Honduras 2026/27 Away Shirt,قميص هندوراس 2026/27 الاحتياطي
collection,,title,Honduras,هندوراس
product,honduras-2026-27-home-shirt,title,Honduras 2026/27 Home Shirt,قميص هندوراس 2026/27 الأساسي
product,hungary-2025-26-home-shirt,title,Hungary 2025/26 Home Shirt,قميص المجر 2025/26 الأساسي
collection,,title,Hungary,المجر
product,inter-milan-2025-26-away-shirt,title,Inter Milan 2025/26 Away Shirt,قميص إنتر ميلان 2025/26 الاحتياطي
collection,,title,Inter Milan,إنتر ميلان
product,inter-milan-2025-26-home-shirt,title,Inter Milan 2025/26 Home Shirt,قميص إنتر ميلان 2025/26 الأساسي
product,inter-milan-2026-27-away-shirt,title,Inter Milan 2026/27 Away Shirt,قميص إنتر ميلان 2026/27 الاحتياطي
product,italy-2025-26-away-shirt,title,Italy 2025/26 Away Shirt,قميص إيطاليا 2025/26 الاحتياطي
collection,,title,Italy,إيطاليا
product,italy-2025-26-home-shirt,title,Italy 2025/26 Home Shirt,قميص إيطاليا 2025/26 الأساسي
product,italy-2026-home-shirt,title,Italy 2026 Home Shirt,قميص إيطاليا 2026 الأساسي
product,italy-2026-27-away-shirt,title,Italy 2026/27 Away Shirt,قميص إيطاليا 2026/27 الاحتياطي
product,italy-2026-27-home-shirt,title,Italy 2026/27 Home Shirt,قميص إيطاليا 2026/27 الأساسي
product,jamaica-2026-27-home-shirt,title,Jamaica 2026/27 Home Shirt,قميص جامايكا 2026/27 الأساسي
collection,,title,Jamaica,جامايكا
product,japan-2025-26-home-shirt,title,Japan 2025/26 Home Shirt,قميص اليابان 2025/26 الأساسي
collection,,title,Japan,اليابان
product,japan-2026-away-shirt,title,Japan 2026 Away Shirt,قميص اليابان 2026 الاحتياطي
product,japan-2026-home-shirt,title,Japan 2026 Home Shirt,قميص اليابان 2026 الأساسي
product,japan-2026-27-away-shirt,title,Japan 2026/27 Away Shirt,قميص اليابان 2026/27 الاحتياطي
product,japan-2026-27-home-shirt,title,Japan 2026/27 Home Shirt,قميص اليابان 2026/27 الأساسي
product,jordan-2026-away-shirt,title,Jordan 2026 Away Shirt,قميص الأردن 2026 الاحتياطي
collection,,title,Jordan,الأردن
product,jordan-2026-home-shirt,title,Jordan 2026 Home Shirt,قميص الأردن 2026 الأساسي
product,jordan-2026-third-shirt,title,Jordan 2026 Third Shirt,قميص الأردن 2026 الثالث
product,leeds-united-2026-27-away-shirt,title,Leeds United 2026/27 Away Shirt,قميص ليدز يونايتد 2026/27 الاحتياطي
collection,,title,Leeds United,ليدز يونايتد
product,leeds-united-2026-27-home-shirt,title,Leeds United 2026/27 Home Shirt,قميص ليدز يونايتد 2026/27 الأساسي
product,lens-2026-27-away-shirt,title,Lens 2026/27 Away Shirt,قميص لانس 2026/27 الاحتياطي
collection,,title,Lens,لانس
product,lens-2026-27-home-shirt,title,Lens 2026/27 Home Shirt,قميص لانس 2026/27 الأساسي
product,levante-2025-26-home-shirt,title,Levante 2025/26 Home Shirt,قميص ليفانتي 2025/26 الأساسي
collection,,title,Levante,ليفانتي
product,levante-2026-27-away-shirt,title,Levante 2026/27 Away Shirt,قميص ليفانتي 2026/27 الاحتياطي
product,levante-2026-27-home-shirt,title,Levante 2026/27 Home Shirt,قميص ليفانتي 2026/27 الأساسي
product,lille-2026-27-home-shirt,title,Lille 2026/27 Home Shirt,قميص ليل 2026/27 الأساسي
collection,,title,Lille,ليل
product,lyon-2026-27-home-shirt,title,Lyon 2026/27 Home Shirt,قميص ليون 2026/27 الأساسي
collection,,title,Lyon,ليون
product,lyon-2026-27-third-shirt,title,Lyon 2026/27 Third Shirt,قميص ليون 2026/27 الثالث
product,malaysia-2025-26-away-shirt,title,Malaysia 2025/26 Away Shirt,قميص ماليزيا 2025/26 الاحتياطي
collection,,title,Malaysia,ماليزيا
product,malaysia-2025-26-home-shirt,title,Malaysia 2025/26 Home Shirt,قميص ماليزيا 2025/26 الأساسي
product,mallorca-2025-26-home-shirt,title,Mallorca 2025/26 Home Shirt,قميص مايوركا 2025/26 الأساسي
collection,,title,Mallorca,مايوركا
product,mallorca-2026-27-home-shirt,title,Mallorca 2026/27 Home Shirt,قميص مايوركا 2026/27 الأساسي
product,manchester-city-2025-26-away-shirt,title,Manchester City 2025/26 Away Shirt,قميص مانشستر سيتي 2025/26 الاحتياطي
collection,,title,Manchester City,مانشستر سيتي
product,manchester-city-2025-26-home-shirt,title,Manchester City 2025/26 Home Shirt,قميص مانشستر سيتي 2025/26 الأساسي
product,manchester-city-2025-26-third-shirt,title,Manchester City 2025/26 Third Shirt,قميص مانشستر سيتي 2025/26 الثالث
product,manchester-city-2026-27-away-shirt,title,Manchester City 2026/27 Away Shirt,قميص مانشستر سيتي 2026/27 الاحتياطي
product,manchester-city-2026-27-home-shirt,title,Manchester City 2026/27 Home Shirt,قميص مانشستر سيتي 2026/27 الأساسي
product,manchester-city-2026-27-third-shirt,title,Manchester City 2026/27 Third Shirt,قميص مانشستر سيتي 2026/27 الثالث
product,manchester-united-2025-26-away-shirt,title,Manchester United 2025/26 Away Shirt,قميص مانشستر يونايتد 2025/26 الاحتياطي
collection,,title,Manchester United,مانشستر يونايتد
product,manchester-united-2025-26-home-shirt,title,Manchester United 2025/26 Home Shirt,قميص مانشستر يونايتد 2025/26 الأساسي
product,manchester-united-2026-27-away-shirt,title,Manchester United 2026/27 Away Shirt,قميص مانشستر يونايتد 2026/27 الاحتياطي
product,manchester-united-2026-27-home-shirt,title,Manchester United 2026/27 Home Shirt,قميص مانشستر يونايتد 2026/27 الأساسي
product,manchester-united-2026-27-third-shirt,title,Manchester United 2026/27 Third Shirt,قميص مانشستر يونايتد 2026/27 الثالث
product,marseille-2026-27-away-shirt,title,Marseille 2026/27 Away Shirt,قميص مارسيليا 2026/27 الاحتياطي
collection,,title,Marseille,مارسيليا
product,mexico-2025-26-away-shirt,title,Mexico 2025/26 Away Shirt,قميص المكسيك 2025/26 الاحتياطي
collection,,title,Mexico,المكسيك
product,mexico-2025-26-home-shirt,title,Mexico 2025/26 Home Shirt,قميص المكسيك 2025/26 الأساسي
product,mexico-2026-away-shirt,title,Mexico 2026 Away Shirt,قميص المكسيك 2026 الاحتياطي
product,mexico-2026-home-shirt,title,Mexico 2026 Home Shirt,قميص المكسيك 2026 الأساسي
product,mexico-2026-third-shirt,title,Mexico 2026 Third Shirt,قميص المكسيك 2026 الثالث
product,mexico-2026-27-away-shirt,title,Mexico 2026/27 Away Shirt,قميص المكسيك 2026/27 الاحتياطي
product,mexico-2026-27-home-shirt,title,Mexico 2026/27 Home Shirt,قميص المكسيك 2026/27 الأساسي
product,mexico-2026-27-third-shirt,title,Mexico 2026/27 Third Shirt,قميص المكسيك 2026/27 الثالث
product,monaco-2025-26-home-shirt,title,Monaco 2025/26 Home Shirt,قميص موناكو 2025/26 الأساسي
collection,,title,Monaco,موناكو
product,monaco-2026-27-home-shirt,title,Monaco 2026/27 Home Shirt,قميص موناكو 2026/27 الأساسي
product,morocco-2025-26-home-shirt,title,Morocco 2025/26 Home Shirt,قميص المغرب 2025/26 الأساسي
collection,,title,Morocco,المغرب
product,morocco-2026-away-shirt,title,Morocco 2026 Away Shirt,قميص المغرب 2026 الاحتياطي
product,morocco-2026-home-shirt,title,Morocco 2026 Home Shirt,قميص المغرب 2026 الأساسي
product,nantes-2026-27-home-shirt,title,Nantes 2026/27 Home Shirt,قميص نانت 2026/27 الأساسي
collection,,title,Nantes,نانت
product,napoli-2026-27-away-shirt,title,Napoli 2026/27 Away Shirt,قميص نابولي 2026/27 الاحتياطي
collection,,title,Napoli,نابولي
product,napoli-2026-27-home-shirt,title,Napoli 2026/27 Home Shirt,قميص نابولي 2026/27 الأساسي
product,napoli-2026-27-third-shirt,title,Napoli 2026/27 Third Shirt,قميص نابولي 2026/27 الثالث
product,netherlands-2026-away-shirt,title,Netherlands 2026 Away Shirt,قميص هولندا 2026 الاحتياطي
collection,,title,Netherlands,هولندا
product,netherlands-2026-home-shirt,title,Netherlands 2026 Home Shirt,قميص هولندا 2026 الأساسي
product,netherlands-2026-27-away-shirt,title,Netherlands 2026/27 Away Shirt,قميص هولندا 2026/27 الاحتياطي
product,netherlands-2026-27-home-shirt,title,Netherlands 2026/27 Home Shirt,قميص هولندا 2026/27 الأساسي
product,new-zealand-2025-26-home-shirt,title,New Zealand 2025/26 Home Shirt,قميص نيوزيلندا 2025/26 الأساسي
collection,,title,New Zealand,نيوزيلندا
product,new-zealand-2026-27-away-shirt,title,New Zealand 2026/27 Away Shirt,قميص نيوزيلندا 2026/27 الاحتياطي
product,newcastle-united-2025-26-home-shirt,title,Newcastle United 2025/26 Home Shirt,قميص نيوكاسل يونايتد 2025/26 الأساسي
collection,,title,Newcastle United,نيوكاسل يونايتد
product,newcastle-united-2026-27-away-shirt,title,Newcastle United 2026/27 Away Shirt,قميص نيوكاسل يونايتد 2026/27 الاحتياطي
product,newcastle-united-2026-27-home-shirt,title,Newcastle United 2026/27 Home Shirt,قميص نيوكاسل يونايتد 2026/27 الأساسي
product,nigeria-2025-26-away-shirt,title,Nigeria 2025/26 Away Shirt,قميص نيجيريا 2025/26 الاحتياطي
collection,,title,Nigeria,نيجيريا
product,nigeria-2025-26-home-shirt,title,Nigeria 2025/26 Home Shirt,قميص نيجيريا 2025/26 الأساسي
product,nigeria-2026-27-away-shirt,title,Nigeria 2026/27 Away Shirt,قميص نيجيريا 2026/27 الاحتياطي
product,nigeria-2026-27-home-shirt,title,Nigeria 2026/27 Home Shirt,قميص نيجيريا 2026/27 الأساسي
product,northern-ireland-2026-home-shirt,title,Northern Ireland 2026 Home Shirt,قميص أيرلندا الشمالية 2026 الأساسي
collection,,title,Northern Ireland,أيرلندا الشمالية
product,norway-2026-away-shirt,title,Norway 2026 Away Shirt,قميص النرويج 2026 الاحتياطي
collection,,title,Norway,النرويج
product,norway-2026-home-shirt,title,Norway 2026 Home Shirt,قميص النرويج 2026 الأساسي
product,norway-2026-27-third-shirt,title,Norway 2026/27 Third Shirt,قميص النرويج 2026/27 الثالث
product,nottingham-forest-2026-27-home-shirt,title,Nottingham Forest 2026/27 Home Shirt,قميص نوتنغهام فورست 2026/27 الأساسي
collection,,title,Nottingham Forest,نوتنغهام فورست
product,osasuna-2026-27-away-shirt,title,Osasuna 2026/27 Away Shirt,قميص أوساسونا 2026/27 الاحتياطي
collection,,title,Osasuna,أوساسونا
product,palestine-2025-26-away-shirt,title,Palestine 2025/26 Away Shirt,قميص فلسطين 2025/26 الاحتياطي
collection,,title,Palestine,فلسطين
product,palestine-2025-26-home-shirt,title,Palestine 2025/26 Home Shirt,قميص فلسطين 2025/26 الأساسي
product,palestine-2025-26-third-shirt,title,Palestine 2025/26 Third Shirt,قميص فلسطين 2025/26 الثالث
product,paraguay-2026-away-shirt,title,Paraguay 2026 Away Shirt,قميص باراغواي 2026 الاحتياطي
collection,,title,Paraguay,باراغواي
product,paraguay-2026-home-shirt,title,Paraguay 2026 Home Shirt,قميص باراغواي 2026 الأساسي
product,paraguay-2026-27-home-shirt,title,Paraguay 2026/27 Home Shirt,قميص باراغواي 2026/27 الأساسي
product,paris-saint-germain-2025-26-home-shirt,title,Paris Saint-Germain 2025/26 Home Shirt,قميص باريس سان جيرمان 2025/26 الأساسي
collection,,title,Paris Saint-Germain,باريس سان جيرمان
product,paris-saint-germain-2026-27-away-shirt,title,Paris Saint-Germain 2026/27 Away Shirt,قميص باريس سان جيرمان 2026/27 الاحتياطي
product,paris-saint-germain-2026-27-home-shirt,title,Paris Saint-Germain 2026/27 Home Shirt,قميص باريس سان جيرمان 2026/27 الأساسي
product,parma-2026-27-home-shirt,title,Parma 2026/27 Home Shirt,قميص بارما 2026/27 الأساسي
collection,,title,Parma,بارما
product,poland-2026-home-shirt,title,Poland 2026 Home Shirt,قميص بولندا 2026 الأساسي
collection,,title,Poland,بولندا
product,portugal-2025-26-away-shirt,title,Portugal 2025/26 Away Shirt,قميص البرتغال 2025/26 الاحتياطي
collection,,title,Portugal,البرتغال
product,portugal-2025-26-home-shirt,title,Portugal 2025/26 Home Shirt,قميص البرتغال 2025/26 الأساسي
product,portugal-2026-away-shirt,title,Portugal 2026 Away Shirt,قميص البرتغال 2026 الاحتياطي
product,portugal-2026-home-shirt,title,Portugal 2026 Home Shirt,قميص البرتغال 2026 الأساسي
product,portugal-2026-27-away-shirt,title,Portugal 2026/27 Away Shirt,قميص البرتغال 2026/27 الاحتياطي
product,portugal-2026-27-home-shirt,title,Portugal 2026/27 Home Shirt,قميص البرتغال 2026/27 الأساسي
product,qatar-2026-home-shirt,title,Qatar 2026 Home Shirt,قميص قطر 2026 الأساسي
collection,,title,Qatar,قطر
product,rayo-vallecano-2026-27-away-shirt,title,Rayo Vallecano 2026/27 Away Shirt,قميص رايو فاييكانو 2026/27 الاحتياطي
collection,,title,Rayo Vallecano,رايو فاييكانو
product,rayo-vallecano-2026-27-home-shirt,title,Rayo Vallecano 2026/27 Home Shirt,قميص رايو فاييكانو 2026/27 الأساسي
product,rb-leipzig-2025-26-away-shirt,title,RB Leipzig 2025/26 Away Shirt,قميص لايبزيغ 2025/26 الاحتياطي
collection,,title,RB Leipzig,لايبزيغ
product,rb-leipzig-2025-26-home-shirt,title,RB Leipzig 2025/26 Home Shirt,قميص لايبزيغ 2025/26 الأساسي
product,real-betis-2025-26-home-shirt,title,Real Betis 2025/26 Home Shirt,قميص ريال بيتيس 2025/26 الأساسي
collection,,title,Real Betis,ريال بيتيس
product,real-betis-2026-27-away-shirt,title,Real Betis 2026/27 Away Shirt,قميص ريال بيتيس 2026/27 الاحتياطي
product,real-betis-2026-27-home-shirt,title,Real Betis 2026/27 Home Shirt,قميص ريال بيتيس 2026/27 الأساسي
product,real-betis-2026-27-third-shirt,title,Real Betis 2026/27 Third Shirt,قميص ريال بيتيس 2026/27 الثالث
product,real-madrid-2025-26-away-shirt,title,Real Madrid 2025/26 Away Shirt,قميص ريال مدريد 2025/26 الاحتياطي
collection,,title,Real Madrid,ريال مدريد
product,real-madrid-2025-26-home-shirt,title,Real Madrid 2025/26 Home Shirt,قميص ريال مدريد 2025/26 الأساسي
product,real-madrid-2025-26-third-shirt,title,Real Madrid 2025/26 Third Shirt,قميص ريال مدريد 2025/26 الثالث
product,real-madrid-2026-27-away-shirt,title,Real Madrid 2026/27 Away Shirt,قميص ريال مدريد 2026/27 الاحتياطي
product,real-madrid-2026-27-home-shirt,title,Real Madrid 2026/27 Home Shirt,قميص ريال مدريد 2026/27 الأساسي
product,real-oviedo-2026-27-away-shirt,title,Real Oviedo 2026/27 Away Shirt,قميص ريال أوفييدو 2026/27 الاحتياطي
collection,,title,Real Oviedo,ريال أوفييدو
product,real-oviedo-2026-27-home-shirt,title,Real Oviedo 2026/27 Home Shirt,قميص ريال أوفييدو 2026/27 الأساسي
product,real-oviedo-2026-27-third-shirt,title,Real Oviedo 2026/27 Third Shirt,قميص ريال أوفييدو 2026/27 الثالث
product,real-sociedad-2026-27-home-shirt,title,Real Sociedad 2026/27 Home Shirt,قميص ريال سوسيداد 2026/27 الأساسي
collection,,title,Real Sociedad,ريال سوسيداد
product,real-sociedad-2026-27-third-shirt,title,Real Sociedad 2026/27 Third Shirt,قميص ريال سوسيداد 2026/27 الثالث
product,republic-of-ireland-2026-27-away-shirt,title,Republic of Ireland 2026/27 Away Shirt,قميص جمهورية أيرلندا 2026/27 الاحتياطي
collection,,title,Republic of Ireland,جمهورية أيرلندا
product,roma-2026-27-away-shirt,title,Roma 2026/27 Away Shirt,قميص روما 2026/27 الاحتياطي
collection,,title,Roma,روما
product,roma-2026-27-home-shirt,title,Roma 2026/27 Home Shirt,قميص روما 2026/27 الأساسي
product,romania-2025-26-home-shirt,title,Romania 2025/26 Home Shirt,قميص رومانيا 2025/26 الأساسي
collection,,title,Romania,رومانيا
product,romania-2025-26-third-shirt,title,Romania 2025/26 Third Shirt,قميص رومانيا 2025/26 الثالث
product,saudi-arabia-2026-away-shirt,title,Saudi Arabia 2026 Away Shirt,قميص السعودية 2026 الاحتياطي
collection,,title,Saudi Arabia,السعودية
product,saudi-arabia-2026-home-shirt,title,Saudi Arabia 2026 Home Shirt,قميص السعودية 2026 الأساسي
product,scotland-2025-26-away-shirt,title,Scotland 2025/26 Away Shirt,قميص اسكتلندا 2025/26 الاحتياطي
collection,,title,Scotland,اسكتلندا
product,scotland-2026-away-shirt,title,Scotland 2026 Away Shirt,قميص اسكتلندا 2026 الاحتياطي
product,scotland-2026-home-shirt,title,Scotland 2026 Home Shirt,قميص اسكتلندا 2026 الأساسي
product,senegal-2026-away-shirt,title,Senegal 2026 Away Shirt,قميص السنغال 2026 الاحتياطي
collection,,title,Senegal,السنغال
product,senegal-2026-27-away-shirt,title,Senegal 2026/27 Away Shirt,قميص السنغال 2026/27 الاحتياطي
product,senegal-2026-27-home-shirt,title,Senegal 2026/27 Home Shirt,قميص السنغال 2026/27 الأساسي
product,sevilla-2026-27-away-shirt,title,Sevilla 2026/27 Away Shirt,قميص إشبيلية 2026/27 الاحتياطي
collection,,title,Sevilla,إشبيلية
product,sevilla-2026-27-home-shirt,title,Sevilla 2026/27 Home Shirt,قميص إشبيلية 2026/27 الأساسي
product,sevilla-2026-27-third-shirt,title,Sevilla 2026/27 Third Shirt,قميص إشبيلية 2026/27 الثالث
product,south-africa-2026-away-shirt,title,South Africa 2026 Away Shirt,قميص جنوب أفريقيا 2026 الاحتياطي
collection,,title,South Africa,جنوب أفريقيا
product,south-africa-2026-home-shirt,title,South Africa 2026 Home Shirt,قميص جنوب أفريقيا 2026 الأساسي
product,south-korea-2025-26-away-shirt,title,South Korea 2025/26 Away Shirt,قميص كوريا الجنوبية 2025/26 الاحتياطي
collection,,title,South Korea,كوريا الجنوبية
product,south-korea-2025-26-home-shirt,title,South Korea 2025/26 Home Shirt,قميص كوريا الجنوبية 2025/26 الأساسي
product,south-korea-2026-home-shirt,title,South Korea 2026 Home Shirt,قميص كوريا الجنوبية 2026 الأساسي
product,spain-2025-26-away-shirt,title,Spain 2025/26 Away Shirt,قميص إسبانيا 2025/26 الاحتياطي
collection,,title,Spain,إسبانيا
product,spain-2025-26-home-shirt,title,Spain 2025/26 Home Shirt,قميص إسبانيا 2025/26 الأساسي
product,spain-2026-away-shirt,title,Spain 2026 Away Shirt,قميص إسبانيا 2026 الاحتياطي
product,spain-2026-home-shirt,title,Spain 2026 Home Shirt,قميص إسبانيا 2026 الأساسي
product,spain-2026-third-shirt,title,Spain 2026 Third Shirt,قميص إسبانيا 2026 الثالث
product,spain-2026-27-away-shirt,title,Spain 2026/27 Away Shirt,قميص إسبانيا 2026/27 الاحتياطي
product,spain-2026-27-home-shirt,title,Spain 2026/27 Home Shirt,قميص إسبانيا 2026/27 الأساسي
product,spain-2026-27-third-shirt,title,Spain 2026/27 Third Shirt,قميص إسبانيا 2026/27 الثالث
product,sunderland-2026-27-away-shirt,title,Sunderland 2026/27 Away Shirt,قميص سندرلاند 2026/27 الاحتياطي
collection,,title,Sunderland,سندرلاند
product,sunderland-2026-27-home-shirt,title,Sunderland 2026/27 Home Shirt,قميص سندرلاند 2026/27 الأساسي
product,sweden-2026-away-shirt,title,Sweden 2026 Away Shirt,قميص السويد 2026 الاحتياطي
collection,,title,Sweden,السويد
product,sweden-2026-home-shirt,title,Sweden 2026 Home Shirt,قميص السويد 2026 الأساسي
product,switzerland-2026-away-shirt,title,Switzerland 2026 Away Shirt,قميص سويسرا 2026 الاحتياطي
collection,,title,Switzerland,سويسرا
product,tottenham-hotspur-2025-26-away-shirt,title,Tottenham Hotspur 2025/26 Away Shirt,قميص توتنهام هوتسبير 2025/26 الاحتياطي
collection,,title,Tottenham Hotspur,توتنهام هوتسبير
product,tottenham-hotspur-2025-26-home-shirt,title,Tottenham Hotspur 2025/26 Home Shirt,قميص توتنهام هوتسبير 2025/26 الأساسي
product,tunisia-2026-away-shirt,title,Tunisia 2026 Away Shirt,قميص تونس 2026 الاحتياطي
collection,,title,Tunisia,تونس
product,tunisia-2026-home-shirt,title,Tunisia 2026 Home Shirt,قميص تونس 2026 الأساسي
product,tunisia-2026-third-shirt,title,Tunisia 2026 Third Shirt,قميص تونس 2026 الثالث
product,tunisia-2026-27-away-shirt,title,Tunisia 2026/27 Away Shirt,قميص تونس 2026/27 الاحتياطي
product,tunisia-2026-27-third-shirt,title,Tunisia 2026/27 Third Shirt,قميص تونس 2026/27 الثالث
product,turkey-2026-27-away-shirt,title,Turkey 2026/27 Away Shirt,قميص تركيا 2026/27 الاحتياطي
collection,,title,Turkey,تركيا
product,turkey-2026-27-home-shirt,title,Turkey 2026/27 Home Shirt,قميص تركيا 2026/27 الأساسي
product,ukraine-2026-home-shirt,title,Ukraine 2026 Home Shirt,قميص أوكرانيا 2026 الأساسي
collection,,title,Ukraine,أوكرانيا
product,united-arab-emirates-2026-home-shirt,title,United Arab Emirates 2026 Home Shirt,قميص الإمارات 2026 الأساسي
collection,,title,United Arab Emirates,الإمارات
product,united-states-2026-away-shirt,title,United States 2026 Away Shirt,قميص الولايات المتحدة 2026 الاحتياطي
collection,,title,United States,الولايات المتحدة
product,united-states-2026-home-shirt,title,United States 2026 Home Shirt,قميص الولايات المتحدة 2026 الأساسي
product,united-states-2026-27-home-shirt,title,United States 2026/27 Home Shirt,قميص الولايات المتحدة 2026/27 الأساسي
product,uruguay-2025-26-away-shirt,title,Uruguay 2025/26 Away Shirt,قميص الأوروغواي 2025/26 الاحتياطي
collection,,title,Uruguay,الأوروغواي
product,uruguay-2025-26-home-shirt,title,Uruguay 2025/26 Home Shirt,قميص الأوروغواي 2025/26 الأساسي
product,uruguay-2026-away-shirt,title,Uruguay 2026 Away Shirt,قميص الأوروغواي 2026 الاحتياطي
product,uruguay-2026-home-shirt,title,Uruguay 2026 Home Shirt,قميص الأوروغواي 2026 الأساسي
product,uzbekistan-2025-26-home-shirt,title,Uzbekistan 2025/26 Home Shirt,قميص أوزبكستان 2025/26 الأساسي
collection,,title,Uzbekistan,أوزبكستان
product,valencia-2026-27-third-shirt,title,Valencia 2026/27 Third Shirt,قميص فالنسيا 2026/27 الثالث
collection,,title,Valencia,فالنسيا
product,venezuela-2025-26-home-shirt,title,Venezuela 2025/26 Home Shirt,قميص فنزويلا 2025/26 الأساسي
collection,,title,Venezuela,فنزويلا
product,venezuela-2026-away-shirt,title,Venezuela 2026 Away Shirt,قميص فنزويلا 2026 الاحتياطي
product,venezuela-2026-home-shirt,title,Venezuela 2026 Home Shirt,قميص فنزويلا 2026 الأساسي
product,vfb-stuttgart-2026-27-home-shirt,title,VfB Stuttgart 2026/27 Home Shirt,قميص شتوتغارت 2026/27 الأساسي
collection,,title,VfB Stuttgart,شتوتغارت
product,villarreal-2026-27-home-shirt,title,Villarreal 2026/27 Home Shirt,قميص فياريال 2026/27 الأساسي
collection,,title,Villarreal,فياريال
product,wales-2026-away-shirt,title,Wales 2026 Away Shirt,قميص ويلز 2026 الاحتياطي
collection,,title,Wales,ويلز
product,wales-2026-home-shirt,title,Wales 2026 Home Shirt,قميص ويلز 2026 الأساسي
product,werder-bremen-2025-26-home-shirt,title,Werder Bremen 2025/26 Home Shirt,قميص فيردر بريمن 2025/26 الأساسي
collection,,title,Werder Bremen,فيردر بريمن
product,werder-bremen-2026-27-away-shirt,title,Werder Bremen 2026/27 Away Shirt,قميص فيردر بريمن 2026/27 الاحتياطي
product,werder-bremen-2026-27-third-shirt,title,Werder Bremen 2026/27 Third Shirt,قميص فيردر بريمن 2026/27 الثالث
product,west-ham-united-2026-27-away-shirt,title,West Ham United 2026/27 Away Shirt,قميص وست هام يونايتد 2026/27 الاحتياطي
collection,,title,West Ham United,وست هام يونايتد
product,west-ham-united-2026-27-home-shirt,title,West Ham United 2026/27 Home Shirt,قميص وست هام يونايتد 2026/27 الأساسي
product,wolverhampton-wanderers-2025-26-home-shirt,title,Wolverhampton Wanderers 2025/26 Home Shirt,قميص وولفرهامبتون 2025/26 الأساسي
collection,,title,Wolverhampton Wanderers,وولفرهامبتون
product,wolverhampton-wanderers-2026-27-home-shirt,title,Wolverhampton Wanderers 2026/27 Home Shirt,قميص وولفرهامبتون 2026/27 الأساسي
collection,,title,Premier League,الدوري الإنجليزي الممتاز
collection,,title,La Liga,الدوري الإسباني
collection,,title,Serie A,الدوري الإيطالي
collection,,title,Bundesliga,الدوري الألماني
collection,,title,Ligue 1,الدوري الفرنسي
collection,,title,National Teams,المنتخبات الوطنية
collection,,title,2026 World Cup,كأس العالم 2026
collection,,title,New Season,الموسم الجديد
collection,,title,Last Season,الموسم الماضي
collection,,title,Home Kits,الأطقم الأساسية
collection,,title,Away Kits,الأطقم الاحتياطية
collection,,title,Third Kits,الأطقم الثالثة
collection,,title,Name & Number Printing,طباعة الاسم والرقم
collection,,title,League Badge / Patch,شعار البطولة
